Season,Name,Tm,G,PA,AB,H,1B,2B,3B,HR,R,RBI,BB,IBB,SO,HBP,SF,SH,GDP,SB,CS,AVG,playerId,LHP,LHH,RHP,RHH
2022,David Peralta,2 Tms,50,73,65,10,8,1,0,1,1,5,7,0,20,1,0,0,2,0,0,0.15384615,2136,1,1,0,0
2022,Anthony Rizzo,NYY,68,140,120,28,10,8,0,10,10,21,14,0,22,6,0,0,3,0,0,0.23333333,3473,1,1,0,0
2022,Eric Hosmer,2 Tms,61,117,111,36,30,4,0,2,2,9,6,0,20,0,0,0,1,0,0,0.32432432,3516,1,1,0,0
2022,Michael Brantley,HOU,43,87,78,23,19,3,0,1,1,4,7,0,11,1,0,1,0,0,0,0.29487179,4106,1,1,0,0
2022,Joey Votto,CIN,53,121,98,21,13,6,0,2,2,11,17,0,41,6,0,0,3,0,0,0.21428571,4314,1,1,0,0
2022,Mike Moustakas,CIN,40,66,58,12,9,3,0,0,0,3,6,0,16,2,0,0,1,0,0,0.20689655,4892,1,1,0,0
2022,Brandon Crawford,SFG,66,118,108,26,19,4,0,3,3,16,6,0,24,4,0,0,2,0,0,0.24074074,5343,1,1,0,0
2022,Freddie Freeman,LAD,96,201,180,53,34,13,1,5,5,24,17,0,43,3,1,0,1,0,0,0.29444444,5361,1,1,0,0
2022,Didi Gregorius,PHI,35,61,55,9,7,2,0,0,0,6,2,0,9,3,1,0,0,0,0,0.16363636,6012,1,1,0,0
2022,Charlie Blackmon,COL,75,172,158,48,37,7,3,1,1,31,7,1,24,5,1,1,2,0,0,0.30379747,7859,1,1,0,0
2022,Brandon Belt,SFG,47,82,66,12,9,2,0,1,1,7,14,0,22,2,0,0,0,0,0,0.18181818,10264,1,1,0,0
2022,Kole Calhoun,TEX,51,85,77,16,10,3,0,3,3,11,6,0,26,2,0,0,3,0,0,0.20779221,11200,1,1,0,0
2022,Christian Yelich,MIL,99,203,182,47,39,2,1,5,5,13,18,0,50,2,0,1,3,0,0,0.25824176,11477,1,1,0,0
2022,Bryce Harper,PHI,61,135,117,30,16,11,0,3,3,17,15,1,35,2,1,0,2,0,0,0.25641026,11579,1,1,0,0
2022,Max Kepler,MIN,68,119,103,25,16,8,0,1,1,10,13,0,14,1,2,0,4,0,0,0.24271845,12144,1,1,0,0
2022,Ben Gamel,PIT,56,110,97,17,11,5,0,1,1,7,10,0,28,3,0,0,1,0,0,0.17525773,12160,1,1,0,0
2022,Rougned Odor,BAL,62,95,84,16,12,1,1,2,2,10,6,0,25,5,0,0,2,0,0,0.19047619,12282,1,1,0,0
2022,Kolten Wong,MIL,60,96,80,11,10,0,0,1,1,3,11,0,15,3,0,2,0,0,0,0.1375,12532,1,1,0,0
2022,Brandon Nimmo,NYM,96,234,201,53,33,12,3,5,5,26,24,0,47,6,1,2,6,0,0,0.26368159,12927,1,1,0,0
2022,Jackie Bradley Jr.,2 Tms,50,80,73,12,6,4,0,2,2,15,7,0,15,0,0,0,1,0,0,0.16438356,12984,1,1,0,0
2022,Max Muncy,LAD,82,146,118,21,11,4,0,6,6,22,22,0,29,3,3,0,1,0,0,0.1779661,13301,1,1,0,0
2022,Tyler Naquin,2 Tms,40,64,61,11,6,3,0,2,2,6,1,0,12,1,0,1,1,0,0,0.18032787,13359,1,1,0,0
2022,Jesse Winker,SEA,75,140,119,29,18,5,0,6,6,20,20,0,25,1,0,0,5,0,0,0.24369748,13590,1,1,0,0
2022,Corey Seager,TEX,96,220,200,45,23,8,0,14,14,32,16,0,36,2,2,0,6,0,0,0.225,13624,1,1,0,0
2022,Joey Wendle,MIA,39,71,61,14,10,4,0,0,0,12,6,0,13,1,2,1,2,0,0,0.2295082,13853,1,1,0,0
2022,Joey Gallo,2 Tms,54,83,73,8,4,2,0,2,2,7,10,0,40,0,0,0,0,0,0,0.10958904,14128,1,1,0,0
2022,Daniel Vogelbach,2 Tms,44,84,72,10,9,1,0,0,0,7,11,0,21,1,0,0,3,0,0,0.13888889,14130,1,1,0,0
2022,Matt Olson,ATL,89,213,183,43,24,12,0,7,7,36,26,0,46,2,2,0,7,0,0,0.23497268,14344,1,1,0,0
2022,Raimel Tapia,TOR,43,68,65,17,13,3,0,1,1,11,2,0,22,0,1,0,0,0,0,0.26153846,14350,1,1,0,0
2022,Harold Castro,DET,39,71,66,20,15,4,1,0,0,11,3,0,13,0,0,2,0,0,0,0.3030303,14691,1,1,0,0
2022,Mike Yastrzemski,SFG,77,137,123,22,13,4,1,4,4,12,10,0,41,2,1,1,1,0,0,0.17886179,14854,1,1,0,0
2022,Tony Kemp,OAK,54,86,73,16,13,2,0,1,1,8,8,0,19,2,1,2,0,0,0,0.21917808,14894,1,1,0,0
2022,Ryan McMahon,COL,84,172,149,34,27,3,1,3,3,18,19,0,42,2,2,0,2,0,0,0.22818792,15112,1,1,0,0
2022,Adam Frazier,SEA,83,155,138,29,20,8,0,1,1,11,11,0,19,4,1,1,5,0,0,0.21014493,15223,1,1,0,0
2022,Jeff McNeil,NYM,94,173,157,49,40,8,0,1,1,9,12,0,19,4,0,0,0,0,0,0.31210191,15362,1,1,0,0
2022,J.P. Crawford,SEA,91,181,154,34,23,5,3,3,3,19,21,0,28,1,4,1,3,0,0,0.22077922,15491,1,1,0,0
2022,Rowdy Tellez,MIL,76,134,115,24,18,2,0,4,4,11,17,0,34,1,1,0,3,0,0,0.20869565,15679,1,1,0,0
2022,Cody Bellinger,LAD,87,160,150,32,19,10,1,2,2,20,8,0,44,0,2,0,2,0,0,0.21333333,15998,1,1,0,0
2022,Nick Gordon,MIN,51,91,80,16,12,3,0,1,1,8,5,0,20,3,2,1,1,0,0,0.2,16337,1,1,0,0
2022,Luis Guillorme,NYM,48,96,84,18,14,4,0,0,0,5,11,0,13,1,0,0,4,0,0,0.21428571,16451,1,1,0,0
2022,Kyle Schwarber,PHI,107,229,197,38,21,6,1,10,10,30,30,0,70,1,1,0,4,0,0,0.1928934,16478,1,1,0,0
2022,Alex Verdugo,BOS,91,170,154,41,29,10,1,1,1,20,14,0,24,1,1,0,3,0,0,0.26623377,17027,1,1,0,0
2022,Rafael Devers,BOS,87,162,151,41,26,11,0,4,4,26,7,0,42,3,1,0,5,0,0,0.27152318,17350,1,1,0,0
2022,Andrew Benintendi,2 Tms,67,151,134,36,31,3,1,1,1,8,15,0,19,1,0,1,2,0,0,0.26865672,17901,1,1,0,0
2022,Cedric Mullins,BAL,93,197,182,38,28,5,1,4,4,15,11,0,48,3,0,1,1,0,0,0.20879121,17929,1,1,0,0
2022,Jake Cronenworth,SDP,99,211,181,42,27,8,1,6,6,26,19,0,48,8,3,0,1,0,0,0.2320442,18036,1,1,0,0
2022,Seth Brown,OAK,62,99,92,16,9,4,0,3,3,12,6,0,30,1,0,0,1,0,0,0.17391304,18171,1,1,0,0
2022,Kyle Tucker,HOU,103,223,206,47,26,8,0,13,13,47,15,0,32,0,1,0,3,0,0,0.22815534,18345,1,1,0,0
2022,Trent Grisham,SDP,78,134,118,24,15,4,0,5,5,13,9,0,35,2,1,4,1,0,0,0.20338983,18564,1,1,0,0
2022,Luis Arraez,MIN,69,124,113,30,25,2,1,2,2,7,10,0,9,1,0,0,0,0,0,0.26548673,18568,1,1,0,0
2022,Jared Walsh,LAA,66,118,110,22,14,4,1,3,3,11,7,0,34,1,0,0,3,0,0,0.2,18607,1,1,0,0
2022,Josh Naylor,CLE,67,127,110,19,14,4,0,1,1,11,14,0,34,2,1,0,5,0,0,0.17272727,18839,1,1,0,0
2022,Nicky Lopez,KCR,74,125,111,23,22,0,1,0,0,6,6,0,15,3,1,4,4,0,0,0.20720721,19339,1,1,0,0
2022,Yordan Alvarez,HOU,93,192,162,52,29,13,0,10,10,33,25,0,37,2,3,0,4,0,0,0.32098765,19556,1,1,0,0
2022,Nathaniel Lowe,TEX,100,211,194,64,45,8,1,10,10,29,14,0,41,3,0,0,3,0,0,0.32989691,19566,1,1,0,0
2022,Josh Rojas,ARI,69,129,111,27,21,4,0,2,2,12,14,0,35,1,0,3,4,0,0,0.24324324,19734,1,1,0,0
2022,Shohei Ohtani,LAA,103,228,205,54,34,9,2,9,9,27,19,1,60,2,2,0,1,0,0,0.26341463,19755,1,1,0,0
2022,Pavin Smith,ARI,39,66,62,14,10,3,0,1,1,4,2,0,20,1,1,0,1,0,0,0.22580645,19892,1,1,0,0
2022,Daulton Varsho,ARI,75,129,122,27,20,5,1,1,1,13,3,0,36,2,1,1,2,0,0,0.22131148,19918,1,1,0,0
2022,Andres Gimenez,CLE,75,128,113,38,29,5,0,4,4,14,7,0,21,5,0,3,1,0,0,0.33628319,19950,1,1,0,0
2022,Gavin Lux,LAD,71,109,99,26,20,4,1,1,1,11,10,0,26,0,0,0,0,0,0,0.26262626,19955,1,1,0,0
2022,Juan Soto,2 Tms,105,236,195,41,28,5,1,7,7,23,38,0,40,3,0,0,8,0,0,0.21025641,20123,1,1,0,0
2022,Brandon Marsh,2 Tms,60,105,96,18,15,1,0,2,2,7,5,0,44,0,1,3,0,0,0,0.1875,20202,1,1,0,0
2022,Luis Gonzalez,SFG,56,107,98,21,18,2,0,1,1,7,7,0,28,1,1,0,1,0,0,0.21428571,20332,1,1,0,0
2022,Luis Garcia,WSN,52,101,98,23,16,6,0,1,1,8,2,0,28,0,0,1,2,0,0,0.23469388,20391,1,1,0,0
2022,Lars Nootbaar,STL,42,69,55,15,8,5,1,1,1,9,12,0,13,0,2,0,1,0,0,0.27272727,21454,1,1,0,0
2022,Jake McCarthy,ARI,48,104,96,27,19,5,0,3,3,12,6,0,22,2,0,0,1,0,0,0.28125,21622,1,1,0,0
2022,Oneil Cruz,PIT,61,111,101,16,9,2,2,3,3,11,8,0,59,1,1,0,1,0,0,0.15841584,21711,1,1,0,0
2022,MJ Melendez,KCR,60,126,112,33,21,7,1,4,4,14,11,0,22,1,2,0,0,0,0,0.29464286,22197,1,1,0,0
2022,Jack Suwinski,PIT,58,111,98,12,6,1,0,5,5,8,11,0,36,2,0,0,3,0,0,0.12244898,22244,1,1,0,0
2022,Alek Thomas,ARI,55,96,91,18,16,1,0,1,1,6,4,0,17,0,1,0,2,0,0,0.1978022,23792,1,1,0,0
2022,Steven Kwan,CLE,74,140,130,37,33,4,0,0,0,11,6,0,21,2,1,1,6,0,0,0.28461538,24610,1,1,0,0
2022,Brendan Donovan,STL,52,77,61,17,14,3,0,0,0,8,14,0,7,1,0,1,2,0,0,0.27868852,24679,1,1,0,0
2022,CJ Abrams,2 Tms,47,92,89,14,11,2,1,0,0,6,0,0,21,3,0,0,1,0,0,0.15730337,25768,1,1,0,0
2022,Michael Harris II,ATL,64,135,126,30,19,8,1,2,2,17,7,0,41,1,0,1,1,0,0,0.23809524,25931,1,1,0,0
2022,Riley Greene,DET,57,119,109,33,24,8,1,0,0,11,8,0,33,1,1,0,4,0,0,0.30275229,25976,1,1,0,0
2022,Bryson Stott,PHI,65,110,99,26,16,7,1,2,2,14,11,0,30,0,0,0,0,0,0,0.26262626,26294,1,1,0,0
2022,Yoshi Tsutsugo,PIT,33,64,57,10,8,1,0,1,1,8,5,0,24,0,2,0,1,0,0,0.1754386,27459,1,1,0,0
2022,Vinnie Pasquantino,KCR,34,65,54,19,16,3,0,0,0,4,10,0,6,0,1,0,1,0,0,0.35185185,27676,1,1,0,0
2022,Albert Pujols,STL,69,131,114,40,21,6,0,13,13,30,10,1,19,3,4,0,6,0,0,0.35087719,1177,1,0,0,1
2022,Miguel Cabrera,DET,47,111,97,28,26,1,0,1,1,14,12,2,23,0,2,0,3,0,0,0.28865979,1744,1,0,0,1
2022,Carlos Santana,2 Tms,68,142,117,31,21,7,0,3,3,21,22,0,15,2,1,0,4,0,0,0.26495726,2396,1,0,0,1
2022,Nelson Cruz,WSN,79,175,149,37,27,5,0,5,5,27,19,1,30,4,2,0,6,0,0,0.24832215,2434,1,0,0,1
2022,Tommy Pham,2 Tms,70,154,139,38,26,6,0,6,6,21,14,0,37,0,1,0,5,0,0,0.27338129,2967,1,0,0,1
2022,Robinson Chirinos,BAL,46,98,89,19,12,5,0,2,2,11,8,0,31,0,1,0,3,0,0,0.21348315,3142,1,0,0,1
2022,Charlie Culberson,TEX,40,84,80,22,16,6,0,0,0,8,2,0,20,0,0,2,3,0,0,0.275,3298,1,0,0,1
2022,Giancarlo Stanton,NYY,59,118,103,19,11,2,0,6,6,21,13,0,33,0,1,0,4,0,0,0.18446602,4949,1,0,0,1
2022,Josh Donaldson,NYY,65,122,106,23,12,7,0,4,4,14,14,1,24,1,1,0,3,0,0,0.21698113,5038,1,0,0,1
2022,Justin Turner,LAD,75,148,131,36,27,6,0,3,3,21,13,1,28,2,2,0,2,0,0,0.27480916,5235,1,0,0,1
2022,Robbie Grossman,2 Tms,72,149,122,39,26,12,0,1,1,18,25,0,36,1,1,0,2,0,0,0.31967213,5254,1,0,0,1
2022,Aaron Hicks,NYY,59,122,107,25,20,3,0,2,2,13,12,1,34,2,1,0,1,0,0,0.23364486,5297,1,0,0,1
2022,Jose Altuve,HOU,65,162,141,48,23,15,0,10,10,21,20,1,23,1,0,0,3,0,0,0.34042553,5417,1,0,0,1
2022,Wilmer Flores,SFG,98,207,175,39,23,10,0,6,6,20,21,1,35,7,4,0,0,0,0,0.22285714,5827,1,0,0,1
2022,Jean Segura,PHI,57,114,103,31,21,5,0,5,5,11,9,1,15,1,1,0,6,0,0,0.30097087,5933,1,0,0,1
2022,Eduardo Escobar,NYM,88,172,160,42,20,11,2,9,9,31,9,0,41,1,2,0,1,0,0,0.2625,6153,1,0,0,1
2022,J.D. Martinez,BOS,69,137,119,38,16,16,1,5,5,19,17,1,31,0,1,0,3,0,0,0.31932773,6184,1,0,0,1
2022,Martin Maldonado,HOU,59,110,99,21,10,3,0,8,8,21,8,0,29,1,0,2,2,0,0,0.21212121,6887,1,0,0,1
2022,Salvador Perez,KCR,52,119,108,30,15,10,0,5,5,18,8,2,30,2,1,0,0,0,0,0.27777778,7304,1,0,0,1
2022,Travis d'Arnaud,ATL,46,96,91,31,20,6,0,5,5,17,3,0,15,2,0,0,3,0,0,0.34065934,7739,1,0,0,1
2022,Miguel Rojas,MIA,62,131,121,26,19,6,0,1,1,5,7,1,14,3,0,0,2,0,0,0.21487603,7802,1,0,0,1
2022,Josh Harrison,CHW,52,98,88,22,17,3,1,1,1,5,7,0,15,3,0,0,5,0,0,0.25,8202,1,0,0,1
2022,Donovan Solano,CIN,46,89,83,25,17,7,0,1,1,11,4,0,15,2,0,0,1,0,0,0.30120482,8623,1,0,0,1
2022,Elvis Andrus,2 Tms,73,157,145,41,25,9,0,7,7,21,12,0,24,0,0,0,3,0,0,0.28275862,8709,1,0,0,1
2022,Paul Goldschmidt,STL,61,137,112,46,23,12,0,11,11,29,23,1,25,1,0,0,0,0,0,0.41071429,9218,1,0,0,1
2022,Starling Marte,NYM,63,153,139,42,27,8,0,7,7,18,12,0,35,2,0,0,3,0,0,0.30215827,9241,1,0,0,1
2022,AJ Pollock,CHW,64,133,126,36,16,9,0,11,11,25,5,0,23,1,1,0,6,0,0,0.28571429,9256,1,0,0,1
2022,Evan Longoria,SFG,62,129,117,33,22,5,0,6,6,22,10,2,33,0,2,0,1,0,0,0.28205128,9368,1,0,0,1
2022,Yan Gomes,CHC,48,89,83,20,14,2,0,4,4,11,3,0,12,0,2,1,3,0,0,0.24096386,9627,1,0,0,1
2022,Christian Vazquez,2 Tms,55,108,102,31,19,9,0,3,3,13,6,0,16,0,0,0,3,0,0,0.30392157,9774,1,0,0,1
2022,Nolan Arenado,STL,56,124,112,28,10,6,1,11,11,25,11,1,12,1,0,0,6,0,0,0.25,9777,1,0,0,1
2022,Andrew McCutchen,MIL,75,165,145,32,15,10,0,7,7,19,17,0,39,1,2,0,3,0,0,0.22068966,9847,1,0,0,1
2022,DJ LeMahieu,NYY,62,144,123,35,27,4,0,4,4,11,18,0,19,2,0,1,4,0,0,0.28455285,9874,1,0,0,1
2022,Darin Ruf,2 Tms,87,183,158,35,20,6,0,9,9,27,20,0,47,4,1,0,7,0,0,0.22151899,9929,1,0,0,1
2022,Trayce Thompson,2 Tms,53,96,86,15,5,7,0,3,3,11,9,0,41,1,0,0,0,0,0,0.1744186,9952,1,0,0,1
2022,Christian Bethancourt,2 Tms,60,130,119,30,22,5,0,3,3,13,9,0,29,2,0,0,2,0,0,0.25210084,10028,1,0,0,1
2022,Wil Myers,SDP,47,100,91,24,15,3,0,6,6,22,8,0,30,0,1,0,1,0,0,0.26373626,10047,1,0,0,1
2022,Max Stassi,LAA,62,129,117,19,14,4,0,1,1,7,10,0,30,1,0,1,7,0,0,0.16239316,10059,1,0,0,1
2022,Mike Trout,LAA,59,138,116,36,16,11,0,9,9,19,21,4,31,1,0,0,2,0,0,0.31034483,10155,1,0,0,1
2022,Jose Iglesias,COL,63,158,149,44,28,14,0,2,2,18,4,0,21,3,2,0,2,0,0,0.29530201,10231,1,0,0,1
2022,Randal Grichuk,COL,76,180,172,53,28,12,2,11,11,37,7,0,41,0,1,0,5,0,0,0.30813953,10243,1,0,0,1
2022,Marcell Ozuna,ATL,67,146,135,27,24,2,0,1,1,8,10,0,35,1,0,0,3,0,0,0.2,10324,1,0,0,1
2022,Enrique Hernandez,BOS,49,100,85,19,9,6,0,4,4,9,14,0,23,1,0,0,0,0,0,0.22352941,10472,1,0,0,1
2022,Cesar Hernandez,WSN,86,195,177,50,39,10,1,0,0,13,15,0,38,1,1,1,1,0,0,0.28248588,10556,1,0,0,1
2022,Gio Urshela,MIN,76,161,148,43,27,12,2,2,2,13,11,2,29,0,2,0,7,0,0,0.29054054,10681,1,0,0,1
2022,Jurickson Profar,SDP,91,197,170,44,30,10,1,3,3,19,24,0,22,1,1,1,6,0,0,0.25882353,10815,1,0,0,1
2022,Jonathan Schoop,DET,61,122,113,21,14,5,0,2,2,10,5,1,26,1,3,0,5,0,0,0.18584071,11265,1,0,0,1
2022,Whit Merrifield,2 Tms,72,158,143,34,18,11,0,5,5,19,12,0,20,0,3,0,4,0,0,0.23776224,11281,1,0,0,1
2022,Jesus Aguilar,2 Tms,63,123,112,22,16,3,0,3,3,9,8,1,35,1,1,0,1,0,0,0.19642857,11342,1,0,0,1
2022,Yasmani Grandal,CHW,50,93,74,19,13,5,0,1,1,6,18,0,15,1,0,0,0,0,0,0.25675676,11368,1,0,0,1
2022,Gary Sanchez,MIN,66,126,109,18,11,4,0,3,3,13,15,0,37,1,1,0,4,0,0,0.16513761,11442,1,0,0,1
2022,Mark Canha,NYM,88,191,166,40,26,8,0,6,6,23,19,1,34,5,1,0,1,0,0,0.24096386,11445,1,0,0,1
2022,Michael A. Taylor,KCR,70,135,122,29,22,2,1,4,4,13,12,0,33,0,0,1,4,0,0,0.23770492,11489,1,0,0,1
2022,Manny Machado,SDP,80,184,162,42,25,5,0,12,12,22,21,4,33,0,1,0,6,0,0,0.25925926,11493,1,0,0,1
2022,Willson Contreras,CHC,55,123,105,23,7,7,1,8,8,14,10,0,24,7,1,0,4,0,0,0.21904762,11609,1,0,0,1
2022,Brandon Drury,2 Tms,73,155,147,44,20,12,0,12,12,26,6,0,43,1,1,0,0,0,0,0.29931973,11615,1,0,0,1
2022,Elias Diaz,COL,61,140,133,37,25,7,1,4,4,16,6,0,26,1,0,0,4,0,0,0.27819549,11680,1,0,0,1
2022,Nick Castellanos,PHI,57,130,122,36,30,4,0,2,2,8,7,0,25,0,1,0,4,0,0,0.29508197,11737,1,0,0,1
2022,J.T. Realmuto,PHI,73,163,141,37,23,6,3,5,5,22,14,0,41,6,2,0,1,0,0,0.26241135,11739,1,0,0,1
2022,Hanser Alberto,LAD,56,105,104,29,20,7,1,1,1,11,1,0,17,0,0,0,4,0,0,0.27884615,11902,1,0,0,1
2022,Jon Berti,MIA,44,90,82,19,10,7,0,2,2,8,8,0,26,0,0,0,0,0,0,0.23170732,12037,1,0,0,1
2022,Austin Barnes,LAD,40,81,66,12,6,3,0,3,3,10,13,0,15,1,0,1,1,0,0,0.18181818,12158,1,0,0,1
2022,Xander Bogaerts,BOS,74,145,123,47,32,11,0,4,4,21,20,1,23,1,1,0,2,0,0,0.38211382,12161,1,0,0,1
2022,Maikel Franco,WSN,55,117,108,26,20,5,0,1,1,10,7,0,28,1,1,0,7,0,0,0.24074074,12179,1,0,0,1
2022,Marcus Semien,TEX,84,206,180,45,28,9,2,6,6,19,22,0,35,2,2,0,0,0,0,0.25,12533,1,0,0,1
2022,C.J. Cron,COL,79,197,178,37,21,4,2,10,10,37,16,4,56,1,2,0,6,0,0,0.20786517,12546,1,0,0,1
2022,Eugenio Suarez,SEA,76,153,130,35,17,9,1,8,8,23,21,0,42,1,1,0,6,0,0,0.26923077,12552,1,0,0,1
2022,Trevor Story,BOS,51,97,87,22,11,5,0,6,6,22,9,3,33,1,0,0,1,0,0,0.25287356,12564,1,0,0,1
2022,George Springer,TOR,67,131,115,29,19,3,1,6,6,18,14,1,23,1,1,0,1,0,0,0.25217391,12856,1,0,0,1
2022,Francisco Lindor,NYM,98,208,188,51,34,8,0,9,9,30,14,0,35,3,3,0,4,0,0,0.2712766,12916,1,0,0,1
2022,Austin Hedges,CLE,46,83,68,10,7,1,0,2,2,11,10,0,18,1,2,2,4,0,0,0.14705882,12976,1,0,0,1
2022,Javier Baez,DET,64,144,136,41,25,9,2,5,5,24,6,1,30,0,2,0,1,0,0,0.30147059,12979,1,0,0,1
2022,Teoscar Hernandez,TOR,47,97,91,26,9,9,0,8,8,20,6,0,27,0,0,0,2,0,0,0.28571429,13066,1,0,0,1
2022,Josh Bell,2 Tms,97,210,181,50,33,8,2,7,7,32,24,2,30,1,4,0,10,0,0,0.27624309,13145,1,0,0,1
2022,Jorge Polanco,MIN,70,150,133,30,23,5,0,2,2,14,13,0,28,1,3,0,1,0,0,0.22556391,13152,1,0,0,1
2022,Ildemaro Vargas,2 Tms,38,81,79,20,9,9,0,2,2,10,1,0,13,1,0,0,0,0,0,0.25316456,13324,1,0,0,1
2022,Christian Walker,ARI,76,159,138,36,19,9,1,7,7,18,19,2,30,1,1,0,4,0,0,0.26086957,13419,1,0,0,1
2022,Jose Ramirez,CLE,86,178,157,37,22,8,1,6,6,28,16,7,25,3,2,0,1,0,0,0.23566879,13510,1,0,0,1
2022,Patrick Wisdom,CHC,70,141,124,31,13,8,0,10,10,20,12,1,50,4,0,1,2,0,0,0.25,13602,1,0,0,1
2022,Mookie Betts,LAD,77,174,156,48,24,12,1,11,11,29,17,0,27,0,1,0,1,0,0,0.30769231,13611,1,0,0,1
2022,Ketel Marte,ARI,68,149,134,37,19,14,0,4,4,20,11,1,23,3,1,0,2,0,0,0.2761194,13613,1,0,0,1
2022,Carson Kelly,ARI,64,134,122,24,11,11,0,2,2,16,9,0,29,2,1,0,4,0,0,0.19672131,13620,1,0,0,1
2022,Jeimer Candelario,DET,59,122,115,27,18,3,0,6,6,24,5,0,24,0,2,0,2,0,0,0.23478261,13621,1,0,0,1
2022,Tyrone Taylor,MIL,68,132,120,27,14,7,1,5,5,14,9,0,34,3,0,0,2,0,0,0.225,13675,1,0,0,1
2022,Tomas Nido,NYM,55,123,112,29,21,6,0,2,2,12,7,0,28,0,0,4,3,0,0,0.25892857,13755,1,0,0,1
2022,Chris Taylor,LAD,75,135,119,23,13,7,1,2,2,9,16,2,51,0,0,0,3,0,0,0.19327731,13757,1,0,0,1
2022,Matt Reynolds,CIN,46,86,73,15,10,4,0,1,1,6,13,0,25,0,0,0,1,0,0,0.20547945,13788,1,0,0,1
2022,Matt Duffy,LAA,46,101,92,22,15,5,0,2,2,9,8,0,16,1,0,0,3,0,0,0.23913043,13836,1,0,0,1
2022,Eric Haase,DET,64,124,114,32,21,7,0,4,4,13,9,1,36,0,1,0,3,0,0,0.28070175,14111,1,0,0,1
2022,Byron Buxton,MIN,47,114,103,26,11,5,0,10,10,15,10,0,36,1,0,0,0,0,0,0.25242718,14161,1,0,0,1
2022,Carlos Correa,MIN,68,160,134,40,20,13,1,6,6,18,24,1,28,0,2,0,3,0,0,0.29850746,14162,1,0,0,1
2022,Andrew Velazquez,LAA,57,104,98,22,17,4,0,1,1,7,4,0,27,0,1,1,2,0,0,0.2244898,14196,1,0,0,1
2022,Harold Ramirez,TBR,63,121,111,40,33,5,0,2,2,17,9,1,16,1,0,0,3,0,0,0.36036036,14387,1,0,0,1
2022,Anthony Santander,BAL,87,178,157,46,28,7,0,11,11,27,18,0,43,1,2,0,3,0,0,0.29299363,14551,1,0,0,1
2022,Franmil Reyes,2 Tms,53,107,98,21,13,4,1,3,3,9,8,0,33,0,1,0,2,0,0,0.21428571,14566,1,0,0,1
2022,Manuel Margot,TBR,44,87,78,27,21,4,1,1,1,13,8,0,6,1,0,0,2,0,0,0.34615385,14712,1,0,0,1
2022,Yu Chang,4 Tms,41,89,81,15,13,1,0,1,1,5,6,0,30,1,1,0,3,0,0,0.18518519,14773,1,0,0,1
2022,Luke Voit,2 Tms,77,171,144,25,15,8,0,2,2,15,22,1,61,4,1,0,0,0,0,0.17361111,14811,1,0,0,1
2022,Kyle Farmer,CIN,75,158,139,43,24,10,1,8,8,35,13,0,26,4,2,0,4,0,0,0.30935252,14813,1,0,0,1
2022,Victor Caratini,MIL,58,123,107,18,11,4,0,3,3,8,9,0,30,7,0,0,5,0,0,0.1682243,14968,1,0,0,1
2022,Hunter Dozier,KCR,65,142,127,32,19,8,3,2,2,10,13,0,39,2,0,0,3,0,0,0.2519685,15117,1,0,0,1
2022,Trey Mancini,2 Tms,86,187,171,40,29,6,1,4,4,14,14,0,37,2,0,0,1,0,0,0.23391813,15149,1,0,0,1
2022,Chad Pinder,OAK,70,158,150,39,25,7,0,7,7,23,5,0,45,0,2,1,5,0,0,0.26,15191,1,0,0,1
2022,Garrett Cooper,MIA,53,101,92,21,13,7,0,1,1,11,8,0,28,0,1,0,0,0,0,0.22826087,15279,1,0,0,1
2022,Frank Schwindel,CHC,41,80,76,16,11,2,0,3,3,8,4,0,17,0,0,0,3,0,0,0.21052632,15351,1,0,0,1
2022,Hunter Renfroe,MIL,66,140,120,31,19,4,0,8,8,16,16,1,32,2,2,0,3,0,0,0.25833333,15464,1,0,0,1
2022,Aristides Aquino,CIN,51,108,100,17,10,6,0,1,1,9,8,0,42,0,0,0,0,0,0,0.17,15482,1,0,0,1
2022,Victor Reyes,DET,52,92,84,20,13,7,0,0,0,10,5,0,19,1,2,0,3,0,0,0.23809524,15487,1,0,0,1
2022,Amed Rosario,CLE,71,159,149,44,28,11,1,4,4,16,8,0,30,1,1,0,5,0,0,0.29530201,15518,1,0,0,1
2022,Aaron Judge,NYY,77,167,135,37,18,5,0,14,14,35,26,7,50,1,3,0,5,0,0,0.27407407,15640,1,0,0,1
2022,Jose Abreu,CHW,65,137,119,35,22,9,0,4,4,17,17,0,29,1,0,0,7,0,0,0.29411765,15676,1,0,0,1
2022,Tyler O'Neill,STL,44,91,78,20,14,2,0,4,4,13,10,0,19,2,1,0,1,0,0,0.25641026,15711,1,0,0,1
2022,Yonathan Daza,COL,61,141,132,45,34,9,2,0,0,12,6,0,14,0,3,0,5,0,0,0.34090909,15794,1,0,0,1
2022,Aledmys Diaz,HOU,46,99,90,24,17,3,0,4,4,10,9,0,14,0,0,0,0,0,0,0.26666667,15937,1,0,0,1
2022,Austin Nola,SDP,65,144,130,37,28,6,0,3,3,17,9,1,17,2,3,0,1,0,0,0.28461538,15941,1,0,0,1
2022,Willy Adames,MIL,84,168,152,34,17,12,0,5,5,20,16,3,50,0,0,0,2,0,0,0.22368421,15986,1,0,0,1
2022,Austin Slater,SFG,95,182,155,43,27,10,2,4,4,18,21,0,46,5,1,0,6,0,0,0.27741935,16153,1,0,0,1
2022,J.D. Davis,2 Tms,87,183,159,39,25,7,1,6,6,17,22,1,62,2,0,0,7,0,0,0.24528302,16219,1,0,0,1
2022,Trea Turner,LAD,86,183,168,50,30,9,1,10,10,29,11,1,38,2,2,0,2,0,0,0.29761905,16252,1,0,0,1
2022,Francisco Mejia,TBR,48,87,86,29,18,10,0,1,1,15,1,0,9,0,0,0,3,0,0,0.3372093,16403,1,0,0,1
2022,Jordan Luplow,ARI,61,127,111,19,9,2,0,8,8,18,15,1,33,0,1,0,4,0,0,0.17117117,16424,1,0,0,1
2022,Thairo Estrada,SFG,88,171,152,43,27,8,1,7,7,23,13,0,28,3,2,1,5,0,0,0.28289474,16426,1,0,0,1
2022,Christian Arroyo,BOS,53,97,88,26,18,5,1,2,2,12,5,0,21,1,2,1,1,0,0,0.29545455,16434,1,0,0,1
2022,Rhys Hoskins,PHI,75,174,147,42,20,12,2,8,8,20,22,0,41,3,1,0,5,0,0,0.28571429,16472,1,0,0,1
2022,Matt Chapman,TOR,65,118,106,26,15,7,0,4,4,12,10,0,30,2,0,0,1,0,0,0.24528302,16505,1,0,0,1
2022,Isiah Kiner-Falefa,NYY,65,124,106,28,21,7,0,0,0,11,13,1,14,2,1,2,5,0,0,0.26415094,16512,1,0,0,1
2022,Mauricio Dubon,2 Tms,43,94,86,23,15,4,0,4,4,15,5,0,10,1,1,1,3,0,0,0.26744186,16530,1,0,0,1
2022,Ozzie Albies,ATL,33,88,84,21,10,8,0,3,3,13,1,0,11,1,2,0,0,0,0,0.25,16556,1,0,0,1
2022,Connor Joe,COL,62,169,147,38,24,10,2,2,2,15,19,0,32,2,1,0,3,0,0,0.2585034,16572,1,0,0,1
2022,Yandy Diaz,TBR,70,145,126,39,22,14,0,3,3,16,19,1,8,0,0,0,3,0,0,0.30952381,16578,1,0,0,1
2022,Luis Urias,MIL,63,135,119,32,22,7,0,3,3,10,11,0,28,4,1,0,3,0,0,0.26890756,16622,1,0,0,1
2022,Jonah Heim,TEX,64,132,120,32,17,8,1,6,6,20,11,0,18,1,0,0,3,0,0,0.26666667,16930,1,0,0,1
2022,Lane Thomas,WSN,88,202,186,47,29,9,1,8,8,22,14,0,40,0,2,0,4,0,0,0.25268817,16939,1,0,0,1
2022,Gleyber Torres,NYY,72,146,137,35,18,6,1,10,10,22,8,1,31,0,0,1,1,0,0,0.25547445,16997,1,0,0,1
2022,Edmundo Sosa,2 Tms,46,88,82,19,9,5,3,2,2,15,2,0,28,3,0,1,4,0,0,0.23170732,17022,1,0,0,1
2022,Ramon Laureano,OAK,40,96,81,17,9,6,0,2,2,7,10,0,24,5,0,0,1,0,0,0.20987654,17128,1,0,0,1
2022,Yoan Moncada,CHW,45,94,83,20,11,4,1,4,4,13,11,1,22,0,0,0,2,0,0,0.24096386,17232,1,0,0,1
2022,Jorge Mateo,BAL,88,158,148,30,19,3,3,5,5,14,7,0,48,3,0,0,3,0,0,0.2027027,17273,1,0,0,1
2022,Michael Chavis,PIT,84,181,171,41,26,6,1,8,8,24,9,1,61,0,1,0,1,0,0,0.23976608,17321,1,0,0,1
2022,Willi Castro,DET,58,123,120,30,19,7,1,3,3,13,1,0,20,1,1,0,2,0,0,0.25,17338,1,0,0,1
2022,Jose Siri,2 Tms,45,85,77,12,7,4,0,1,1,8,7,0,37,0,1,0,1,0,0,0.15584416,17452,1,0,0,1
2022,Eloy Jimenez,CHW,41,81,70,21,15,3,0,3,3,11,8,0,15,1,2,0,4,0,0,0.3,17484,1,0,0,1
2022,Taylor Ward,LAA,71,164,142,38,28,5,1,4,4,14,20,0,31,0,2,0,4,0,0,0.26760563,17548,1,0,0,1
2022,Myles Straw,CLE,70,142,129,34,26,8,0,0,0,8,12,0,25,0,1,0,0,0,0,0.26356589,17620,1,0,0,1
2022,Alex Bregman,HOU,105,226,187,42,25,13,0,4,4,20,32,0,23,4,3,0,9,0,0,0.22459893,17678,1,0,0,1
2022,Kevin Newman,PIT,44,104,97,35,28,7,0,0,0,8,5,0,11,2,0,0,1,0,0,0.36082474,17696,1,0,0,1
2022,Brendan Rodgers,COL,82,201,180,57,39,9,1,8,8,28,19,0,33,2,0,0,8,0,0,0.31666667,17907,1,0,0,1
2022,Ian Happ,CHC,73,137,128,39,27,9,1,2,2,16,7,0,39,2,0,0,3,0,0,0.3046875,17919,1,0,0,1
2022,Ty France,SEA,75,172,154,42,30,9,0,3,3,23,9,1,33,8,0,0,4,0,0,0.27272727,17982,1,0,0,1
2022,Dylan Moore,SEA,63,122,97,24,16,4,1,3,3,11,19,2,36,5,1,0,2,0,0,0.24742268,18042,1,0,0,1
2022,Kyle Garlick,MIN,44,82,74,18,11,1,0,6,6,12,4,0,26,3,1,0,1,0,0,0.24324324,18063,1,0,0,1
2022,Brian Anderson,MIA,43,81,73,18,11,4,0,3,3,6,6,1,29,2,0,0,0,0,0,0.24657534,18289,1,0,0,1
2022,Dansby Swanson,ATL,73,176,158,47,31,10,0,6,6,14,17,0,43,1,0,0,3,0,0,0.29746835,18314,1,0,0,1
2022,Austin Riley,ATL,72,172,149,49,22,14,2,11,11,25,20,0,42,2,1,0,4,0,0,0.32885906,18360,1,0,0,1
2022,Victor Robles,WSN,70,141,126,37,28,5,2,2,2,14,8,0,32,1,1,5,2,0,0,0.29365079,18363,1,0,0,1
2022,Ryan Mountcastle,BAL,74,154,142,34,22,7,0,5,5,15,11,1,41,1,0,0,0,0,0,0.23943662,18373,1,0,0,1
2022,Ronald Acuna Jr.,ATL,49,126,107,25,17,5,0,3,3,7,18,2,27,1,0,0,2,0,0,0.23364486,18401,1,0,0,1
2022,Ke'Bryan Hayes,PIT,75,169,152,41,28,8,1,4,4,11,16,0,21,1,0,0,5,0,0,0.26973684,18577,1,0,0,1
2022,Ramon Urias,BAL,63,128,117,26,15,7,0,4,4,15,9,1,27,1,1,0,2,0,0,0.22222222,18795,1,0,0,1
2022,Jose Azocar,SDP,55,113,107,26,17,7,2,0,0,5,4,0,22,0,1,1,4,0,0,0.24299065,18821,1,0,0,1
2022,Leody Taveras,TEX,48,99,91,24,20,3,0,1,1,9,7,0,28,0,1,0,0,0,0,0.26373626,18900,1,0,0,1
2022,Will Smith,LAD,70,138,120,36,23,6,1,6,6,16,16,3,19,2,0,0,2,0,0,0.3,19197,1,0,0,1
2022,Yuli Gurriel,HOU,80,181,170,45,23,18,0,4,4,20,9,0,15,0,2,0,1,0,0,0.26470588,19198,1,0,0,1
2022,Lourdes Gurriel Jr.,TOR,51,94,90,25,17,8,0,0,0,8,4,0,19,0,0,0,1,0,0,0.27777778,19238,1,0,0,1
2022,Pete Alonso,NYM,85,176,146,36,21,6,0,9,9,25,26,7,35,2,2,0,4,0,0,0.24657534,19251,1,0,0,1
2022,Garrett Hampson,COL,37,84,71,21,13,5,3,0,0,7,11,0,21,0,1,1,2,0,0,0.29577465,19262,1,0,0,1
2022,Adolis Garcia,TEX,94,206,187,44,23,12,1,8,8,29,18,2,53,0,1,0,2,0,0,0.23529412,19287,1,0,0,1
2022,Randy Arozarena,TBR,63,129,120,38,22,9,1,6,6,21,9,2,25,0,0,0,0,0,0,0.31666667,19290,1,0,0,1
2022,Nick Senzel,CIN,57,123,112,27,22,4,0,1,1,10,6,0,21,2,0,1,5,0,0,0.24107143,19293,1,0,0,1
2022,Bryan Reynolds,PIT,82,171,154,42,30,5,0,7,7,18,15,2,38,2,0,0,3,0,0,0.27272727,19326,1,0,0,1
2022,Sean Murphy,OAK,75,162,132,32,16,8,1,7,7,21,24,1,30,4,2,0,4,0,0,0.24242424,19352,1,0,0,1
2022,Austin Hays,BAL,71,160,146,36,24,7,1,4,4,6,11,0,33,3,0,0,3,0,0,0.24657534,19363,1,0,0,1
2022,Cooper Hummel,ARI,39,84,74,11,7,0,3,1,1,5,8,0,23,1,1,0,1,0,0,0.14864865,19458,1,0,0,1
2022,Tommy Edman,STL,80,162,152,42,25,11,1,5,5,18,9,2,27,1,0,0,3,0,0,0.27631579,19470,1,0,0,1
2022,Chas McCormick,HOU,54,115,103,35,23,6,1,5,5,14,12,0,23,0,0,0,1,0,0,0.33980583,19599,1,0,0,1
2022,Bryan De La Cruz,MIA,52,96,87,16,14,0,0,2,2,8,8,0,31,0,0,0,4,0,0,0.18390805,19600,1,0,0,1
2022,Keibert Ruiz,WSN,63,106,93,22,18,4,0,0,0,10,8,0,10,2,2,1,2,0,0,0.23655914,19610,1,0,0,1
2022,Vladimir Guerrero Jr.,TOR,63,122,110,27,19,4,0,4,4,12,12,3,12,0,0,0,10,0,0,0.24545455,19611,1,0,0,1
2022,Bo Bichette,TOR,64,118,107,28,17,5,1,5,5,16,9,0,25,1,1,0,2,0,0,0.26168224,19612,1,0,0,1
2022,Sheldon Neuse,OAK,55,109,105,19,16,2,1,0,0,6,4,0,27,0,0,0,2,0,0,0.18095238,19635,1,0,0,1
2022,Mike Brosseau,MIL,56,105,95,26,18,5,0,3,3,13,7,0,32,3,0,0,0,0,0,0.27368421,19683,1,0,0,1
2022,Abraham Toro,SEA,62,117,105,21,16,4,0,1,1,6,9,0,19,1,2,0,0,0,0,0.2,19844,1,0,0,1
2022,Luis Rengifo,LAA,76,172,165,52,33,7,1,11,11,22,5,0,18,1,0,1,2,0,0,0.31515152,19858,1,0,0,1
2022,Emmanuel Rivera,2 Tms,62,119,110,29,17,6,2,4,4,15,7,0,22,2,0,0,3,0,0,0.26363636,19890,1,0,0,1
2022,Diego Castillo,PIT,68,153,142,34,14,11,0,9,9,21,7,1,40,2,2,0,4,0,0,0.23943662,19906,1,0,0,1
2022,Cristian Pache,OAK,44,89,82,18,13,3,1,1,1,9,7,0,14,0,0,0,2,0,0,0.2195122,19948,1,0,0,1
2022,Bobby Dalbec,BOS,60,112,96,23,17,1,0,5,5,13,14,0,36,2,0,0,2,0,0,0.23958333,19966,1,0,0,1
2022,Santiago Espinal,TOR,80,128,113,34,23,8,0,3,3,15,14,1,13,0,1,0,2,0,0,0.30088496,19997,1,0,0,1
2022,Keston Hiura,MIL,54,109,96,18,10,4,1,3,3,11,9,0,49,3,1,0,3,0,0,0.1875,20003,1,0,0,1
2022,Isaac Paredes,TBR,60,105,91,21,9,5,0,7,7,14,12,0,16,1,1,0,5,0,0,0.23076923,20036,1,0,0,1
2022,Luis Robert Jr.,CHW,40,87,79,28,22,3,0,3,3,14,7,1,15,0,1,0,0,0,0,0.35443038,20043,1,0,0,1
2022,Dylan Carlson,STL,70,141,128,39,24,11,1,3,3,15,11,0,31,2,0,0,1,0,0,0.3046875,20126,1,0,0,1
2022,Jo Adell,LAA,50,109,103,21,13,5,1,2,2,9,4,0,38,1,1,0,2,0,0,0.2038835,20220,1,0,0,1
2022,Gilberto Celestino,MIN,64,121,108,23,17,5,0,1,1,11,10,0,29,2,0,1,10,0,0,0.21296296,20233,1,0,0,1
2022,Ernie Clement,2 Tms,41,83,78,15,13,2,0,0,0,2,2,0,12,2,0,1,2,0,0,0.19230769,20352,1,0,0,1
2022,William Contreras,ATL,51,116,99,35,22,7,1,5,5,15,16,0,26,0,1,0,2,0,0,0.35353535,20503,1,0,0,1
2022,Nick Madrigal,CHC,39,81,78,20,19,1,0,0,0,1,2,0,6,0,0,1,5,0,0,0.25641026,20521,1,0,0,1
2022,Jose Miranda,MIN,64,139,131,36,23,4,0,9,9,25,7,0,24,0,1,0,5,0,0,0.27480916,20538,1,0,0,1
2022,Oscar Gonzalez,CLE,56,115,109,29,20,4,0,5,5,12,4,2,27,2,0,0,1,0,0,0.26605505,20970,1,0,0,1
2022,Nico Hoerner,CHC,64,132,126,37,26,7,2,2,2,16,5,0,14,1,0,0,1,0,0,0.29365079,21479,1,0,0,1
2022,Jonathan India,CIN,53,119,104,27,20,5,1,1,1,10,10,0,23,5,0,0,2,0,0,0.25961538,21523,1,0,0,1
2022,Joey Bart,SFG,51,96,88,16,9,1,0,6,6,13,7,0,40,1,0,0,1,0,0,0.18181818,21524,1,0,0,1
2022,Cal Raleigh,SEA,59,100,85,18,7,7,1,3,3,14,13,0,30,0,2,0,1,0,0,0.21176471,21534,1,0,0,1
2022,Matt Vierling,PHI,71,135,122,36,25,8,1,2,2,13,8,0,23,1,4,0,4,0,0,0.29508197,21558,1,0,0,1
2022,Alec Bohm,PHI,80,175,159,56,34,17,2,3,3,19,13,1,27,0,3,0,4,0,0,0.35220126,21618,1,0,0,1
2022,Jeremy Pena,HOU,69,153,140,40,25,8,0,7,7,19,7,0,34,2,2,0,1,0,0,0.28571429,21636,1,0,0,1
2022,Christopher Morel,CHC,55,119,100,19,11,5,0,3,3,12,14,0,34,2,2,1,1,0,0,0.19,21897,1,0,0,1
2022,Rodolfo Castro,PIT,41,85,80,21,9,3,3,6,6,13,4,0,17,1,0,0,3,0,0,0.2625,21987,1,0,0,1
2022,Nick Allen,OAK,45,94,87,24,15,6,0,3,3,9,5,0,10,0,0,2,0,0,0,0.27586207,22277,1,0,0,1
2022,Taylor Walls,TBR,77,137,116,19,12,6,0,1,1,9,20,0,31,1,0,0,1,0,0,0.1637931,22458,1,0,0,1
2022,Alejandro Kirk,TOR,54,109,98,27,21,3,0,3,3,9,10,1,15,1,0,0,3,0,0,0.2755102,22581,1,0,0,1
2022,Geraldo Perdomo,ARI,84,146,131,31,28,3,0,0,0,6,13,0,21,0,0,2,3,0,0,0.23664122,22799,1,0,0,1
2022,Nelson Velazquez,CHC,45,82,71,14,6,2,2,4,4,9,10,0,27,1,0,0,3,0,0,0.1971831,23359,1,0,0,1
2022,Julio Rodriguez,SEA,69,135,120,33,23,3,0,7,7,18,15,1,40,0,0,0,0,0,0,0.275,23697,1,0,0,1
2022,Owen Miller,CLE,71,155,137,29,19,7,0,3,3,15,13,1,35,3,2,0,2,0,0,0.21167883,24655,1,0,0,1
2022,Bobby Witt Jr.,KCR,70,148,141,33,17,7,3,6,6,24,5,1,34,1,1,0,1,0,0,0.23404255,25764,1,0,0,1
2022,Andrew Vaughn,CHW,59,124,114,35,29,5,0,1,1,13,10,0,14,0,0,0,3,0,0,0.30701754,26197,1,0,0,1
2022,Adley Rutschman,BAL,62,115,98,17,10,6,0,1,1,5,16,0,26,0,1,0,2,0,0,0.17346939,26288,1,0,0,1
2022,Spencer Torkelson,DET,55,107,97,21,12,6,1,2,2,6,9,0,21,1,0,0,2,0,0,0.21649485,27465,1,0,0,1
2022,Ha-Seong Kim,SDP,89,188,159,43,29,10,2,2,2,18,24,0,19,2,2,1,4,0,0,0.27044025,27506,1,0,0,1
2022,Seiya Suzuki,CHC,59,120,104,28,16,6,2,4,4,11,16,3,18,0,0,0,3,0,0,0.26923077,30116,1,0,0,1
2022,David Peralta,2 Tms,132,417,374,100,57,29,3,11,11,54,34,5,94,3,6,0,6,0,0,0.26737968,2136,0,1,1,0
2022,Carlos Santana,2 Tms,123,364,314,56,29,11,0,16,16,39,49,2,73,0,1,0,5,0,0,0.17834395,2396,0,1,1,0
2022,Anthony Rizzo,NYY,122,408,345,76,40,13,1,22,22,54,44,6,79,17,2,0,10,0,0,0.22028986,3473,0,1,1,0
2022,Eric Hosmer,2 Tms,97,302,269,66,45,15,0,6,6,35,31,5,44,1,1,0,11,0,0,0.24535316,3516,0,1,1,0
2022,Michael Brantley,HOU,58,190,165,47,31,11,1,4,4,22,24,2,19,0,1,0,1,0,0,0.28484848,4106,0,1,1,0
2022,Joey Votto,CIN,86,255,224,45,23,12,1,9,9,30,27,0,56,4,0,0,5,0,0,0.20089286,4314,0,1,1,0
2022,Mike Moustakas,CIN,75,219,194,42,26,9,0,7,7,22,18,0,59,4,3,0,7,0,0,0.21649485,4892,0,1,1,0
2022,Robbie Grossman,2 Tms,120,328,289,47,33,7,1,6,6,27,31,0,93,5,3,0,1,0,0,0.16262976,5254,0,1,1,0
2022,Aaron Hicks,NYY,112,329,275,57,44,6,2,5,5,23,50,2,75,2,1,1,9,0,0,0.20727273,5297,0,1,1,0
2022,Brandon Crawford,SFG,114,340,299,68,49,11,2,6,6,36,33,3,74,4,4,0,10,0,0,0.22742475,5343,0,1,1,0
2022,Freddie Freeman,LAD,151,507,432,146,95,34,1,16,16,76,67,12,59,2,6,0,5,0,0,0.33796296,5361,0,1,1,0
2022,Ji Man Choi,TBR,111,362,305,68,39,18,0,11,11,43,55,3,104,0,2,0,3,0,0,0.22295082,5452,0,1,1,0
2022,Leury Garcia,CHW,83,249,236,51,42,6,0,3,3,19,5,0,52,3,3,2,5,0,0,0.21610169,5913,0,1,1,0
2022,Eduardo Escobar,NYM,128,368,333,77,49,15,2,11,11,38,31,3,88,0,4,0,3,0,0,0.23123123,6153,0,1,1,0
2022,Charlie Blackmon,COL,123,405,372,92,59,15,3,15,15,47,25,3,85,3,2,3,8,0,0,0.24731183,7859,0,1,1,0
2022,Tucker Barnhart,DET,91,238,218,47,37,9,0,1,1,14,19,0,57,1,0,0,5,0,0,0.21559633,10200,0,1,1,0
2022,Brandon Belt,SFG,74,216,188,42,27,7,1,7,7,16,23,2,59,4,1,0,9,0,0,0.22340426,10264,0,1,1,0
2022,Rafael Ortega,CHC,113,349,297,72,50,14,1,7,7,35,41,2,72,2,7,1,8,0,0,0.24242424,10323,0,1,1,0
2022,Cesar Hernandez,WSN,136,422,383,89,67,18,3,1,1,21,30,0,76,6,1,2,8,0,0,0.23237598,10556,0,1,1,0
2022,Corey Dickerson,STL,86,269,255,73,50,16,1,6,6,36,11,1,40,1,2,0,4,0,0,0.28627451,10762,0,1,1,0
2022,Jurickson Profar,SDP,143,461,405,96,57,26,1,12,12,39,49,0,81,3,2,2,6,0,0,0.23703704,10815,0,1,1,0
2022,Kole Calhoun,TEX,120,339,311,60,39,11,1,9,9,38,21,0,110,4,3,0,3,0,0,0.19292605,11200,0,1,1,0
2022,Yasmani Grandal,CHW,90,283,253,47,41,2,0,4,4,21,27,1,64,1,2,0,8,0,0,0.18577075,11368,0,1,1,0
2022,Christian Yelich,MIL,147,468,393,98,63,23,3,9,9,44,70,5,112,3,2,0,6,0,0,0.24936387,11477,0,1,1,0
2022,Bryce Harper,PHI,91,291,253,76,43,17,1,15,15,48,31,8,52,1,6,0,11,0,0,0.30039526,11579,0,1,1,0
2022,Joc Pederson,SFG,131,376,331,92,51,17,3,21,21,59,35,3,81,7,3,0,5,0,0,0.27794562,11899,0,1,1,0
2022,Max Kepler,MIN,107,327,285,63,44,10,1,8,8,33,36,1,52,4,2,0,3,0,0,0.22105263,12144,0,1,1,0
2022,Eddie Rosario,ATL,77,237,222,49,32,12,0,5,5,23,12,0,63,0,3,0,2,0,0,0.22072072,12155,0,1,1,0
2022,Ben Gamel,PIT,107,313,274,69,44,15,2,8,8,39,38,2,70,0,1,0,4,0,0,0.25182482,12160,0,1,1,0
2022,Rougned Odor,BAL,128,377,342,72,41,18,2,11,11,43,26,1,84,5,4,0,7,0,0,0.21052632,12282,0,1,1,0
2022,Jace Peterson,MIL,106,293,256,59,37,13,1,8,8,29,31,2,75,1,3,2,8,0,0,0.23046875,12325,0,1,1,0
2022,Kolten Wong,MIL,125,401,350,97,55,24,4,14,14,44,35,2,73,11,5,0,5,0,0,0.27714286,12532,0,1,1,0
2022,Brad Miller,TEX,77,221,203,44,35,3,0,6,6,29,17,0,61,0,1,0,3,0,0,0.21674877,12775,0,1,1,0
2022,Francisco Lindor,NYM,153,498,442,119,80,17,5,17,17,77,45,2,98,7,4,0,7,0,0,0.26923077,12916,0,1,1,0
2022,Brandon Nimmo,NYM,130,439,379,106,73,18,4,11,11,38,47,0,69,10,2,1,3,0,0,0.27968338,12927,0,1,1,0
2022,Jackie Bradley Jr.,2 Tms,109,290,271,58,36,19,1,2,2,23,17,0,62,0,0,2,4,0,0,0.21402214,12984,0,1,1,0
2022,Josh Bell,2 Tms,142,437,371,97,65,21,1,10,10,39,57,2,72,4,2,0,12,0,0,0.26145553,13145,0,1,1,0
2022,Jorge Polanco,MIN,97,295,242,58,33,11,0,14,14,42,51,1,67,1,1,0,3,0,0,0.23966942,13152,0,1,1,0
2022,Max Muncy,LAD,130,419,346,70,36,18,1,15,15,47,68,1,112,2,3,0,1,0,0,0.20231214,13301,0,1,1,0
2022,Omar Narvaez,MIL,83,257,229,47,31,11,1,4,4,19,24,1,50,2,1,1,3,0,0,0.20524017,13338,0,1,1,0
2022,Tyler Naquin,2 Tms,95,270,249,60,31,16,4,9,9,40,18,2,81,3,0,0,2,0,0,0.24096386,13359,0,1,1,0
2022,Jose Ramirez,CLE,150,507,444,131,68,36,4,23,23,98,53,13,57,3,7,0,4,0,0,0.29504505,13510,0,1,1,0
2022,Jesse Winker,SEA,131,407,337,71,53,10,0,8,8,33,64,1,78,3,3,0,3,0,0,0.21068249,13590,0,1,1,0
2022,Ketel Marte,ARI,129,408,357,81,43,28,2,8,8,32,44,2,78,3,4,0,10,0,0,0.22689076,13613,0,1,1,0
2022,Jeimer Candelario,DET,115,345,314,66,41,16,2,7,7,26,23,1,85,6,2,0,7,0,0,0.21019108,13621,0,1,1,0
2022,Corey Seager,TEX,137,443,393,100,64,16,1,19,19,51,42,7,67,5,3,0,8,0,0,0.25445293,13624,0,1,1,0
2022,Joey Wendle,MIA,94,300,286,76,52,20,1,3,3,20,9,0,37,4,1,0,5,0,0,0.26573427,13853,0,1,1,0
2022,Joey Gallo,2 Tms,116,327,277,48,23,6,2,17,17,40,46,0,123,3,1,0,0,0,0,0.1732852,14128,0,1,1,0
2022,Daniel Vogelbach,2 Tms,123,377,314,82,45,18,1,18,18,52,62,2,93,0,1,0,8,0,0,0.2611465,14130,0,1,1,0
2022,Andrew Velazquez,LAA,94,232,212,36,25,4,0,7,7,19,10,0,87,3,2,5,1,0,0,0.16981132,14196,0,1,1,0
2022,Matt Olson,ATL,149,486,433,105,46,32,0,27,27,67,49,6,124,2,2,0,6,0,0,0.24249423,14344,0,1,1,0
2022,Raimel Tapia,TOR,125,365,346,92,66,17,3,6,6,41,14,0,59,0,0,3,12,0,0,0.26589595,14350,0,1,1,0
2022,Anthony Santander,BAL,146,469,417,92,53,17,0,22,22,62,37,1,79,12,3,0,11,0,0,0.2206235,14551,0,1,1,0
2022,Franchy Cordero,BOS,80,232,205,47,23,17,1,6,6,24,23,1,75,0,2,2,1,0,0,0.22926829,14567,0,1,1,0
2022,Harold Castro,DET,114,372,354,94,69,17,1,7,7,36,14,1,66,1,2,1,5,0,0,0.26553672,14691,0,1,1,0
2022,Mike Yastrzemski,SFG,142,421,362,82,41,27,1,13,13,45,51,0,100,3,5,0,2,0,0,0.22651934,14854,0,1,1,0
2022,Tony Kemp,OAK,144,472,424,101,71,22,2,6,6,38,37,0,50,6,2,3,5,0,0,0.23820755,14894,0,1,1,0
2022,Victor Caratini,MIL,85,191,165,36,22,8,0,6,6,26,22,1,37,2,1,1,6,0,0,0.21818182,14968,0,1,1,0
2022,Ryan McMahon,COL,135,425,380,96,57,20,2,17,17,49,41,0,116,3,1,0,5,0,0,0.25263158,15112,0,1,1,0
2022,Adam Frazier,SEA,150,447,403,100,80,14,4,2,2,31,35,1,54,1,5,3,10,0,0,0.24813896,15223,0,1,1,0
2022,Jeff McNeil,NYM,135,416,376,125,85,31,1,8,8,53,28,1,42,7,5,0,6,0,0,0.33244681,15362,0,1,1,0
2022,Victor Reyes,DET,82,244,231,60,42,12,3,3,3,24,8,0,58,3,2,0,4,0,0,0.25974026,15487,0,1,1,0
2022,J.P. Crawford,SEA,137,422,364,92,70,19,0,3,3,23,47,0,52,9,1,1,8,0,0,0.25274725,15491,0,1,1,0
2022,Reese McGuire,2 Tms,81,227,207,56,40,12,1,3,3,18,10,0,44,3,3,4,4,0,0,0.2705314,15674,0,1,1,0
2022,Rowdy Tellez,MIL,150,465,414,92,40,21,0,31,31,78,45,9,87,4,2,0,17,0,0,0.22222222,15679,0,1,1,0
2022,Cody Bellinger,LAD,133,390,354,74,38,17,2,17,17,48,30,0,106,2,4,0,5,0,0,0.20903955,15998,0,1,1,0
2022,Nick Gordon,MIN,121,352,325,94,57,25,4,8,8,42,14,1,85,7,4,2,7,0,0,0.28923077,16337,0,1,1,0
2022,Francisco Mejia,TBR,79,211,202,40,23,12,0,5,5,16,6,0,56,2,1,0,3,0,0,0.1980198,16403,0,1,1,0
2022,Luis Guillorme,NYM,86,239,213,63,52,8,1,2,2,12,23,1,33,1,0,2,11,0,0,0.29577465,16451,0,1,1,0
2022,Kyle Schwarber,PHI,135,440,380,88,35,15,2,36,36,64,56,3,130,3,1,0,6,0,0,0.23157895,16478,0,1,1,0
2022,Jonah Heim,TEX,116,318,286,60,38,12,0,10,10,28,30,0,69,0,2,0,7,0,0,0.20979021,16930,0,1,1,0
2022,Alex Verdugo,BOS,146,474,439,125,86,29,0,10,10,54,28,2,62,2,5,0,11,0,0,0.28473804,17027,0,1,1,0
2022,Yoan Moncada,CHW,101,339,314,64,42,14,0,8,8,38,21,1,92,2,1,1,3,0,0,0.20382166,17232,0,1,1,0
2022,Willi Castro,DET,98,269,245,58,41,11,1,5,5,18,14,0,62,7,2,1,2,0,0,0.23673469,17338,0,1,1,0
2022,Rafael Devers,BOS,134,452,404,123,68,31,1,23,23,62,43,11,72,3,2,0,9,0,0,0.30445545,17350,0,1,1,0
2022,Vimael Machin,OAK,72,237,210,47,34,12,0,1,1,12,23,0,44,2,2,0,5,0,0,0.22380952,17684,0,1,1,0
2022,Andrew Benintendi,2 Tms,112,370,327,104,78,20,2,4,4,43,37,0,58,1,5,0,5,0,0,0.31804281,17901,0,1,1,0
2022,Ian Happ,CHC,152,502,443,115,66,33,1,15,15,56,51,4,110,4,4,0,8,0,0,0.25959368,17919,0,1,1,0
2022,Cedric Mullins,BAL,146,475,426,119,77,27,3,12,12,49,36,2,78,6,5,0,3,0,0,0.27934272,17929,0,1,1,0
2022,Jake Cronenworth,SDP,149,473,406,98,62,22,3,11,11,62,51,3,83,8,5,0,1,0,0,0.24137931,18036,0,1,1,0
2022,LaMonte Wade Jr.,SFG,75,218,187,42,26,7,1,8,8,22,24,0,44,5,0,2,0,0,0,0.22459893,18126,0,1,1,0
2022,Seth Brown,OAK,145,456,408,99,52,22,3,22,22,61,45,3,116,2,1,0,6,0,0,0.24264706,18171,0,1,1,0
2022,Kyle Tucker,HOU,135,386,338,93,55,20,1,17,17,60,44,4,63,1,1,0,8,0,0,0.27514793,18345,0,1,1,0
2022,Trent Grisham,SDP,133,390,333,59,33,12,2,12,12,40,48,1,115,5,1,3,2,0,0,0.17717718,18564,0,1,1,0
2022,Luis Arraez,MIN,142,479,434,143,108,29,0,6,6,42,40,2,34,2,3,0,6,0,0,0.32949309,18568,0,1,1,0
2022,Jared Walsh,LAA,111,336,313,69,42,14,1,12,12,33,20,4,104,3,0,0,3,0,0,0.22044728,18607,0,1,1,0
2022,Josh Naylor,CLE,115,371,339,96,53,24,0,19,19,68,24,4,46,4,4,0,8,0,0,0.28318584,18839,0,1,1,0
2022,Brandon Lowe,TBR,64,218,189,40,25,9,1,5,5,16,26,0,48,3,0,0,1,0,0,0.21164021,18882,0,1,1,0
2022,Leody Taveras,TEX,87,242,223,58,41,11,2,4,4,25,14,0,60,2,2,1,2,0,0,0.26008969,18900,0,1,1,0
2022,Cavan Biggio,TOR,91,255,217,46,24,16,1,5,5,18,33,0,65,4,0,1,2,0,0,0.21198157,19252,0,1,1,0
2022,Jake Fraley,CIN,67,216,188,52,32,9,0,11,11,25,24,1,46,2,2,0,1,0,0,0.27659574,19260,0,1,1,0
2022,Bryan Reynolds,PIT,140,443,388,100,62,14,4,20,20,44,41,4,103,12,2,0,10,0,0,0.25773196,19326,0,1,1,0
2022,Yadiel Hernandez,WSN,92,272,252,68,46,13,0,9,9,34,17,0,62,1,2,0,7,0,0,0.26984127,19334,0,1,1,0
2022,Nicky Lopez,KCR,128,355,325,76,61,12,3,0,0,14,23,0,48,1,0,6,4,0,0,0.23384615,19339,0,1,1,0
2022,Tommy Edman,STL,141,468,425,111,80,20,3,8,8,39,37,0,84,4,1,1,7,0,0,0.26117647,19470,0,1,1,0
2022,TJ Friedl,CIN,68,236,207,48,28,9,4,7,7,20,17,0,38,6,6,0,3,0,0,0.23188406,19522,0,1,1,0
2022,Yordan Alvarez,HOU,124,369,308,92,47,16,2,27,27,64,53,9,69,4,4,0,8,0,0,0.2987013,19556,0,1,1,0
2022,Nathaniel Lowe,TEX,141,434,399,115,78,18,2,17,17,47,34,2,106,1,0,0,7,0,0,0.28822055,19566,0,1,1,0
2022,Keibert Ruiz,WSN,110,327,301,77,52,18,0,7,7,26,22,0,40,4,0,0,7,0,0,0.25581395,19610,0,1,1,0
2022,Josh Rojas,ARI,116,381,332,92,63,21,1,7,7,44,41,2,63,1,5,2,3,0,0,0.27710843,19734,0,1,1,0
2022,Shohei Ohtani,LAA,143,438,381,106,56,21,4,25,25,68,53,13,101,3,1,0,5,0,0,0.27821522,19755,0,1,1,0
2022,Abraham Toro,SEA,95,235,219,39,20,9,1,9,9,29,13,1,46,1,2,0,4,0,0,0.17808219,19844,0,1,1,0
2022,Luis Rengifo,LAA,119,338,323,76,52,15,3,6,6,30,12,0,61,3,0,0,9,0,0,0.23529412,19858,0,1,1,0
2022,Pavin Smith,ARI,72,211,183,40,26,6,0,8,8,29,26,1,47,0,2,0,1,0,0,0.21857923,19892,0,1,1,0
2022,Gavin Sheets,CHW,119,365,336,84,52,17,0,15,15,47,23,0,73,3,3,0,8,0,0,0.25,19901,0,1,1,0
2022,Jesus Sanchez,MIA,90,288,258,59,30,13,3,13,13,33,26,0,68,3,1,0,7,0,0,0.22868217,19913,0,1,1,0
2022,Daulton Varsho,ARI,142,463,409,98,52,18,2,26,26,61,43,0,109,5,4,1,6,0,0,0.2396088,19918,0,1,1,0
2022,Andres Gimenez,CLE,140,429,378,108,71,21,3,13,13,55,27,4,91,20,3,1,8,0,0,0.28571429,19950,0,1,1,0
2022,Gavin Lux,LAD,123,362,322,90,63,16,6,5,5,31,37,0,69,0,3,0,3,0,0,0.27950311,19955,0,1,1,0
2022,Juan Soto,2 Tms,138,428,329,86,45,20,1,20,20,39,97,6,56,1,0,0,4,0,0,0.26139818,20123,0,1,1,0
2022,Dylan Carlson,STL,112,347,304,63,36,19,3,5,5,27,34,1,63,5,4,0,5,0,0,0.20723684,20126,0,1,1,0
2022,Brandon Marsh,2 Tms,129,356,328,86,56,17,4,9,9,45,23,1,114,3,2,0,4,0,0,0.26219512,20202,0,1,1,0
2022,Luis Gonzalez,SFG,92,243,213,58,38,15,2,3,3,29,23,1,47,3,4,0,4,0,0,0.27230047,20332,0,1,1,0
2022,Luis Garcia,WSN,89,276,262,76,51,17,2,6,6,37,9,1,56,1,4,0,3,0,0,0.29007634,20391,0,1,1,0
2022,Jazz Chisholm Jr.,MIA,58,202,178,49,25,7,4,13,13,40,20,0,55,1,2,0,0,0,0,0.2752809,20454,0,1,1,0
2022,Lars Nootbaar,STL,95,278,235,51,25,11,2,13,13,31,39,1,58,1,3,0,2,0,0,0.21702128,21454,0,1,1,0
2022,Cal Raleigh,SEA,111,315,285,60,23,13,0,24,24,49,25,0,92,2,3,0,4,0,0,0.21052632,21534,0,1,1,0
2022,Alfonso Rivas,CHC,88,255,222,57,47,5,2,3,3,24,27,1,69,4,1,1,1,0,0,0.25675676,21560,0,1,1,0
2022,Kyle Isbel,KCR,76,223,207,44,26,9,4,5,5,22,12,0,60,2,2,0,5,0,0,0.21256039,21614,0,1,1,0
2022,Jake McCarthy,ARI,88,250,225,64,45,11,3,5,5,31,17,0,54,4,1,3,2,0,0,0.28444444,21622,0,1,1,0
2022,Oneil Cruz,PIT,82,250,230,61,34,11,2,14,14,43,20,1,67,0,0,0,2,0,0,0.26521739,21711,0,1,1,0
2022,Rodolfo Castro,PIT,67,192,172,37,27,4,1,5,5,14,18,0,57,1,1,0,3,0,0,0.21511628,21987,0,1,1,0
2022,MJ Melendez,KCR,120,408,348,67,37,14,2,14,14,48,55,1,109,0,5,0,2,0,0,0.19252874,22197,0,1,1,0
2022,Jack Suwinski,PIT,94,261,228,54,30,10,0,14,14,30,30,1,78,2,1,0,2,0,0,0.23684211,22244,0,1,1,0
2022,Nolan Gorman,STL,88,290,264,60,35,11,0,14,14,33,24,0,95,2,0,0,2,0,0,0.22727273,22263,0,1,1,0
2022,Taylor Walls,TBR,115,329,291,51,30,12,2,7,7,24,32,0,89,1,2,2,5,0,0,0.17525773,22458,0,1,1,0
2022,Geraldo Perdomo,ARI,135,354,300,53,39,7,2,5,5,34,37,0,82,5,2,10,0,0,0,0.17666667,22799,0,1,1,0
2022,Wander Franco,TBR,77,273,245,66,43,17,2,4,4,24,24,1,25,0,4,0,3,0,0,0.26938776,23667,0,1,1,0
2022,Alek Thomas,ARI,104,315,290,70,46,16,1,7,7,33,18,0,57,3,4,0,4,0,0,0.24137931,23792,0,1,1,0
2022,Steven Kwan,CLE,137,498,433,131,97,21,7,6,6,41,56,2,39,5,3,1,3,0,0,0.30254042,24610,0,1,1,0
2022,Brendan Donovan,STL,117,391,330,93,69,18,1,5,5,37,46,1,63,13,2,0,6,0,0,0.28181818,24679,0,1,1,0
2022,CJ Abrams,2 Tms,74,210,195,56,43,10,1,2,2,15,5,0,29,6,2,2,4,0,0,0.28717949,25768,0,1,1,0
2022,Michael Harris II,ATL,108,306,288,93,55,19,2,17,17,47,14,0,66,4,0,0,6,0,0,0.32291667,25931,0,1,1,0
2022,Riley Greene,DET,89,299,267,62,44,10,3,5,5,31,28,0,87,2,2,0,4,0,0,0.23220974,25976,0,1,1,0
2022,Adley Rutschman,BAL,109,355,300,84,42,29,1,12,12,37,49,0,60,4,2,0,2,0,0,0.28,26288,0,1,1,0
2022,Bryson Stott,PHI,118,356,328,74,53,12,1,8,8,35,25,0,59,1,1,1,3,0,0,0.22560976,26294,0,1,1,0
2022,JJ Bleday,MIA,64,195,161,27,13,8,2,4,4,15,30,0,54,2,2,0,4,0,0,0.16770186,26368,0,1,1,0
2022,Josh H. Smith,TEX,71,211,179,38,32,5,0,1,1,12,24,0,45,4,2,2,1,0,0,0.2122905,26396,0,1,1,0
2022,Vinnie Pasquantino,KCR,70,233,204,57,40,7,0,10,10,22,25,1,28,3,1,0,4,0,0,0.27941176,27676,0,1,1,0
2022,Albert Pujols,STL,80,220,193,43,24,8,0,11,11,38,18,0,36,7,2,0,7,0,0,0.22279793,1177,0,0,1,1
2022,Miguel Cabrera,DET,107,322,300,73,60,9,0,4,4,29,16,1,78,3,3,0,8,0,0,0.24333333,1744,0,0,1,1
2022,Nelson Cruz,WSN,115,332,299,68,52,11,0,5,5,37,30,0,89,0,1,0,10,0,0,0.22742475,2434,0,0,1,1
2022,Tommy Pham,2 Tms,140,468,415,93,64,17,1,11,11,42,42,0,130,7,4,0,15,0,0,0.22409639,2967,0,0,1,1
2022,Giancarlo Stanton,NYY,101,334,295,65,35,5,0,25,25,57,37,2,104,0,2,0,4,0,0,0.22033898,4949,0,0,1,1
2022,Josh Donaldson,NYY,129,424,372,83,51,21,0,11,11,48,40,0,124,7,5,0,10,0,0,0.22311828,5038,0,0,1,1
2022,Justin Turner,LAD,117,384,337,94,54,30,0,10,10,60,37,0,61,4,6,0,11,0,0,0.27893175,5235,0,0,1,1
2022,Jose Altuve,HOU,132,442,386,110,68,24,0,18,18,36,46,1,64,9,1,0,10,0,0,0.28497409,5417,0,0,1,1
2022,Avisail Garcia,MIA,94,312,293,66,51,9,0,6,6,30,13,0,85,4,2,0,11,0,0,0.22525597,5760,0,0,1,1
2022,Wilmer Flores,SFG,140,394,349,80,49,17,1,13,13,51,38,0,68,4,3,0,7,0,0,0.22922636,5827,0,0,1,1
2022,Jean Segura,PHI,95,273,251,67,58,4,0,5,5,22,16,0,43,6,0,0,10,0,0,0.26693227,5933,0,0,1,1
2022,J.D. Martinez,BOS,135,459,414,108,70,27,0,11,11,43,35,0,114,5,4,0,17,0,0,0.26086957,6184,0,0,1,1
2022,Martin Maldonado,HOU,102,269,245,43,27,9,0,7,7,24,14,0,87,6,2,2,4,0,0,0.1755102,6887,0,0,1,1
2022,Yadier Molina,STL,69,204,199,40,29,7,0,4,4,16,3,0,30,1,1,0,9,0,0,0.20100503,7007,0,0,1,1
2022,Salvador Perez,KCR,108,354,337,83,51,13,1,18,18,58,10,0,79,5,2,0,9,0,0,0.2462908,7304,0,0,1,1
2022,Travis d'Arnaud,ATL,104,330,305,75,42,19,1,13,13,43,16,0,75,9,0,0,9,0,0,0.24590164,7739,0,0,1,1
2022,Miguel Rojas,MIA,134,376,350,85,65,13,2,5,5,31,19,0,47,3,3,1,10,0,0,0.24285714,7802,0,0,1,1
2022,Josh Harrison,CHW,110,327,298,77,54,16,1,6,6,22,14,0,56,11,2,2,4,0,0,0.25838926,8202,0,0,1,1
2022,Donovan Solano,CIN,74,215,195,54,42,9,0,3,3,13,15,1,46,3,2,0,4,0,0,0.27692308,8623,0,0,1,1
2022,Elvis Andrus,2 Tms,136,420,390,92,59,23,0,10,10,37,27,0,68,3,0,0,8,0,0,0.23589744,8709,0,0,1,1
2022,Paul Goldschmidt,STL,146,514,449,132,79,29,0,24,25,86,56,0,116,4,4,0,7,0,0,0.29398664,9218,0,0,1,1
2022,Starling Marte,NYM,112,352,327,94,64,16,5,9,9,45,14,0,62,11,0,0,15,0,0,0.28746177,9241,0,0,1,1
2022,AJ Pollock,CHW,123,394,363,84,63,17,1,3,3,31,27,0,75,1,3,0,7,0,0,0.23140496,9256,0,0,1,1
2022,Yan Gomes,CHC,72,204,194,45,31,10,0,4,4,20,5,0,35,3,2,0,12,0,0,0.23195876,9627,0,0,1,1
2022,Christian Vazquez,2 Tms,111,318,296,78,58,14,0,6,6,39,16,0,53,3,3,0,7,0,0,0.26351351,9774,0,0,1,1
2022,Nolan Arenado,STL,144,496,445,135,80,36,0,19,19,78,41,2,60,6,4,0,9,0,0,0.30337079,9777,0,0,1,1
2022,Andrew McCutchen,MIL,129,415,370,90,65,15,0,10,10,50,40,1,85,3,2,0,7,0,0,0.24324324,9847,0,0,1,1
2022,DJ LeMahieu,NYY,119,397,344,87,65,14,0,8,8,35,49,0,52,2,2,0,8,0,0,0.25290698,9874,0,0,1,1
2022,Darin Ruf,2 Tms,92,205,176,33,25,6,0,2,2,18,25,0,58,2,2,0,4,0,0,0.1875,9929,0,0,1,1
2022,Christian Bethancourt,2 Tms,77,203,199,50,30,12,0,8,8,21,3,0,51,0,0,1,4,0,0,0.25125628,10028,0,0,1,1
2022,Wil Myers,SDP,69,186,170,44,31,12,0,1,1,19,13,1,56,1,2,0,6,0,0,0.25882353,10047,0,0,1,1
2022,Max Stassi,LAA,90,246,216,41,24,8,1,8,8,23,28,0,82,1,1,0,5,0,0,0.18981481,10059,0,0,1,1
2022,Mike Trout,LAA,116,361,322,88,38,17,2,31,31,61,33,4,108,5,1,0,4,0,0,0.27329193,10155,0,0,1,1
2022,Jose Iglesias,COL,104,309,290,84,67,16,0,1,1,29,13,0,35,5,1,0,9,0,0,0.28965517,10231,0,0,1,1
2022,Randal Grichuk,COL,124,358,334,78,60,9,1,8,8,36,17,0,86,6,1,0,7,0,0,0.23353293,10243,0,0,1,1
2022,Marcell Ozuna,ATL,116,361,335,79,40,17,0,22,22,48,21,0,87,1,4,0,9,0,0,0.2358209,10324,0,0,1,1
2022,Enrique Hernandez,BOS,89,302,276,61,41,18,0,2,2,36,20,0,48,2,4,0,11,0,0,0.22101449,10472,0,0,1,1
2022,Gio Urshela,MIN,128,390,353,100,73,15,1,11,11,51,30,0,67,2,5,0,14,0,0,0.28328612,10681,0,0,1,1
2022,Adam Duvall,ATL,77,237,214,44,27,10,1,6,6,24,16,0,78,5,2,0,1,0,0,0.20560748,10950,0,0,1,1
2022,Jonathan Schoop,DET,125,388,368,76,48,18,1,9,9,28,14,0,81,5,1,0,10,0,0,0.20652174,11265,0,0,1,1
2022,Whit Merrifield,2 Tms,125,392,361,92,68,17,1,6,6,39,26,0,65,0,5,0,7,0,0,0.25484765,11281,0,0,1,1
2022,Jesus Aguilar,2 Tms,124,384,352,87,58,16,0,13,13,42,20,0,84,3,4,0,7,0,0,0.24715909,11342,0,0,1,1
2022,Gary Sanchez,MIN,116,345,310,68,35,20,0,13,13,48,25,0,99,6,4,0,8,0,0,0.21935484,11442,0,0,1,1
2022,Mark Canha,NYM,125,351,296,83,60,16,0,7,7,38,29,0,63,23,3,0,2,0,0,0.28040541,11445,0,0,1,1
2022,Michael A. Taylor,KCR,113,321,292,76,61,8,2,5,5,30,23,0,76,2,3,1,2,0,0,0.26027397,11489,0,0,1,1
2022,Manny Machado,SDP,144,460,416,130,77,32,1,20,20,80,42,6,100,1,1,0,6,0,0,0.3125,11493,0,0,1,1
2022,Willson Contreras,CHC,109,364,311,78,47,16,1,14,14,41,35,0,79,17,1,0,10,0,0,0.25080386,11609,0,0,1,1
2022,Brandon Drury,2 Tms,127,413,371,92,55,19,2,16,16,61,32,0,83,7,3,0,8,0,0,0.24797844,11615,0,0,1,1
2022,Elias Diaz,COL,91,241,218,43,26,11,1,5,5,35,19,0,56,1,3,0,4,0,0,0.19724771,11680,0,0,1,1
2022,Nick Castellanos,PHI,130,428,402,102,68,23,0,11,11,54,22,0,105,3,1,0,11,0,0,0.25373134,11737,0,0,1,1
2022,J.T. Realmuto,PHI,127,399,363,102,63,20,2,17,17,62,27,1,78,6,3,0,6,0,0,0.28099174,11739,0,0,1,1
2022,Jon Berti,MIA,93,314,276,67,52,10,3,2,2,20,34,0,63,3,1,0,6,0,0,0.24275362,12037,0,0,1,1
2022,Xander Bogaerts,BOS,144,486,434,124,86,27,0,11,11,52,37,1,95,9,6,0,12,0,0,0.28571429,12161,0,0,1,1
2022,Maikel Franco,WSN,95,271,263,59,41,10,0,8,8,29,5,0,47,1,2,0,11,0,0,0.2243346,12179,0,0,1,1
2022,Jorge Alfaro,SDP,73,203,189,45,29,13,0,3,3,30,7,0,68,4,3,0,2,0,0,0.23809524,12180,0,0,1,1
2022,Marcus Semien,TEX,156,518,477,118,73,22,3,20,20,64,31,0,85,2,8,0,7,0,0,0.24737945,12533,0,0,1,1
2022,C.J. Cron,COL,139,435,397,111,67,24,1,19,19,65,27,2,108,7,3,0,10,0,0,0.27959698,12546,0,0,1,1
2022,Eugenio Suarez,SEA,149,476,413,93,54,15,1,23,23,64,52,0,154,7,4,0,6,0,0,0.2251816,12552,0,0,1,1
2022,Trevor Story,BOS,91,299,270,63,36,17,0,10,10,44,23,1,89,2,4,0,8,0,0,0.23333333,12564,0,0,1,1
2022,George Springer,TOR,127,452,398,108,67,19,3,19,19,58,40,0,77,6,4,0,6,0,0,0.27135678,12856,0,0,1,1
2022,Austin Hedges,CLE,94,255,226,38,30,3,0,5,5,19,15,0,60,5,1,8,8,0,0,0.16814159,12976,0,0,1,1
2022,Javier Baez,DET,136,446,419,91,59,18,2,12,12,43,20,0,117,6,1,0,12,0,0,0.21718377,12979,0,0,1,1
2022,Teoscar Hernandez,TOR,126,438,408,107,63,26,1,17,17,57,28,0,125,2,0,0,16,0,0,0.2622549,13066,0,0,1,1
2022,Christian Walker,ARI,158,508,445,105,59,16,1,29,29,76,50,0,101,7,6,0,11,0,0,0.23595506,13419,0,0,1,1
2022,Patrick Wisdom,CHC,123,393,345,66,31,20,0,15,15,46,41,0,133,5,2,0,6,0,0,0.19130435,13602,0,0,1,1
2022,Mookie Betts,LAD,133,465,416,106,52,28,2,24,24,53,38,0,77,8,3,0,7,0,0,0.25480769,13611,0,0,1,1
2022,Carson Kelly,ARI,81,220,195,43,31,7,0,5,5,19,20,0,42,2,3,0,6,0,0,0.22051282,13620,0,0,1,1
2022,Tyrone Taylor,MIL,103,273,253,60,32,14,2,12,12,37,13,0,68,4,3,0,9,0,0,0.23715415,13675,0,0,1,1
2022,Jacob Stallings,MIA,103,310,284,64,50,10,0,4,4,30,20,0,68,5,1,0,12,0,0,0.22535211,13723,0,0,1,1
2022,Tomas Nido,NYM,73,190,172,39,29,9,0,1,1,16,7,0,48,1,2,8,11,0,0,0.22674419,13755,0,0,1,1
2022,Chris Taylor,LAD,109,319,283,66,38,18,2,8,8,34,28,0,109,5,3,0,1,0,0,0.23321555,13757,0,0,1,1
2022,Matt Reynolds,CIN,71,186,171,45,36,6,1,2,2,17,13,0,53,1,1,0,6,0,0,0.26315789,13788,0,0,1,1
2022,Eric Haase,DET,92,227,209,50,29,10,1,10,10,31,15,0,61,1,2,0,6,0,0,0.23923445,14111,0,0,1,1
2022,Byron Buxton,MIN,86,268,237,50,21,8,3,18,18,36,24,0,80,6,1,0,0,0,0,0.21097046,14161,0,0,1,1
2022,Carlos Correa,MIN,132,430,388,112,85,11,0,16,16,46,37,1,93,3,2,0,15,0,0,0.28865979,14162,0,0,1,1
2022,Jorge Soler,MIA,71,237,211,44,25,12,0,7,7,21,24,0,71,2,0,0,6,0,0,0.20853081,14221,0,0,1,1
2022,Harold Ramirez,TBR,109,314,292,81,58,19,0,4,4,41,10,0,56,8,4,0,2,0,0,0.27739726,14387,0,0,1,1
2022,Franmil Reyes,2 Tms,112,366,340,76,51,13,1,11,11,38,22,0,124,2,2,0,10,0,0,0.22352941,14566,0,0,1,1
2022,Manuel Margot,TBR,86,276,258,65,47,14,1,3,3,34,16,1,62,1,1,0,5,0,0,0.25193798,14712,0,0,1,1
2022,Luke Voit,2 Tms,129,397,356,88,54,14,0,20,20,54,33,0,118,3,5,0,9,0,0,0.24719101,14811,0,0,1,1
2022,Kyle Farmer,CIN,140,425,387,91,70,15,0,6,6,43,20,0,73,12,4,2,16,0,0,0.23514212,14813,0,0,1,1
2022,Adam Engel,CHW,76,183,174,45,34,9,1,1,1,12,6,0,53,3,0,0,2,0,0,0.25862069,15082,0,0,1,1
2022,Hunter Dozier,KCR,116,358,335,77,48,18,1,10,10,31,21,0,86,1,1,0,11,0,0,0.22985075,15117,0,0,1,1
2022,Trey Mancini,2 Tms,136,400,348,84,53,17,0,14,14,49,39,2,98,8,5,0,11,0,0,0.24137931,15149,0,0,1,1
2022,Tim Anderson,CHW,78,290,274,77,62,11,0,4,4,20,11,1,47,5,0,0,8,0,0,0.2810219,15172,0,0,1,1
2022,Chad Pinder,OAK,85,221,211,46,30,11,0,5,5,19,9,0,73,0,0,0,5,0,0,0.21800948,15191,0,0,1,1
2022,Garrett Cooper,MIA,113,368,322,87,51,26,2,8,8,39,32,0,91,10,4,0,6,0,0,0.27018634,15279,0,0,1,1
2022,Frank Schwindel,CHC,69,212,195,46,32,9,0,5,5,28,15,1,41,0,2,0,9,0,0,0.23589744,15351,0,0,1,1
2022,Hunter Renfroe,MIL,124,382,354,90,49,19,1,21,21,56,23,0,89,2,1,2,8,0,0,0.25423729,15464,0,0,1,1
2022,Amed Rosario,CLE,147,511,488,136,106,15,8,7,7,55,17,0,81,3,3,0,14,0,0,0.27868852,15518,0,0,1,1
2022,Aaron Judge,NYY,152,529,435,140,69,23,0,48,48,96,85,12,125,5,2,0,9,0,0,0.32183908,15640,0,0,1,1
2022,Jose Abreu,CHW,155,542,482,148,106,31,0,11,11,58,45,2,81,11,4,0,12,0,0,0.30705394,15676,0,0,1,1
2022,Tyler O'Neill,STL,86,292,256,56,36,9,1,10,10,45,28,0,84,2,6,0,8,0,0,0.21875,15711,0,0,1,1
2022,Yonathan Daza,COL,93,267,240,67,53,12,0,2,2,22,20,0,44,4,2,1,7,0,0,0.27916667,15794,0,0,1,1
2022,Aledmys Diaz,HOU,80,228,215,50,32,10,0,8,8,28,9,0,39,2,2,0,7,0,0,0.23255814,15937,0,0,1,1
2022,Austin Nola,SDP,95,253,217,50,40,9,0,1,1,23,25,0,43,4,6,1,4,0,0,0.23041475,15941,0,0,1,1
2022,Willy Adames,MIL,135,449,411,100,55,19,0,26,26,78,33,0,116,1,4,0,9,0,0,0.243309,15986,0,0,1,1
2022,J.D. Davis,2 Tms,84,182,159,40,25,9,0,6,6,18,17,0,60,4,2,0,6,0,0,0.25157233,16219,0,0,1,1
2022,Trea Turner,LAD,155,525,484,144,100,30,3,11,11,71,34,0,93,1,4,0,7,0,0,0.29752066,16252,0,0,1,1
2022,Thairo Estrada,SFG,127,370,336,84,62,14,1,7,7,39,20,0,61,11,3,0,5,0,0,0.25,16426,0,0,1,1
2022,Christian Arroyo,BOS,71,203,192,54,39,11,0,4,4,24,8,2,28,2,0,1,6,0,0,0.28125,16434,0,0,1,1
2022,Rhys Hoskins,PHI,149,498,442,103,60,21,0,22,22,59,50,0,128,3,3,0,7,0,0,0.23303167,16472,0,0,1,1
2022,Matt Chapman,TOR,148,503,432,97,53,20,1,23,23,64,58,1,140,8,5,0,6,0,0,0.22453704,16505,0,0,1,1
2022,Isiah Kiner-Falefa,NYY,133,407,377,98,81,13,0,4,4,37,22,1,58,3,4,1,8,0,0,0.25994695,16512,0,0,1,1
2022,Danny Jansen,TOR,58,181,162,44,25,7,0,12,12,37,13,0,37,2,4,0,1,0,0,0.27160494,16535,0,0,1,1
2022,Connor Joe,COL,103,298,257,58,41,10,2,5,5,13,36,0,65,5,0,0,5,0,0,0.22568093,16572,0,0,1,1
2022,Yandy Diaz,TBR,129,413,347,101,76,19,0,6,6,41,59,1,52,6,1,0,7,0,0,0.29106628,16578,0,0,1,1
2022,Luis Urias,MIL,111,337,287,65,41,10,1,13,13,37,39,0,71,7,4,0,6,0,0,0.22648084,16622,0,0,1,1
2022,Jose Trevino,NYY,98,278,266,62,45,9,1,7,7,34,10,0,54,1,1,0,5,0,0,0.23308271,16725,0,0,1,1
2022,Lane Thomas,WSN,123,346,312,73,46,17,1,9,9,30,27,0,92,4,3,0,4,0,0,0.23397436,16939,0,0,1,1
2022,Gleyber Torres,NYY,132,426,389,100,64,22,0,14,14,54,31,1,98,3,3,0,11,0,0,0.25706941,16997,0,0,1,1
2022,Ramon Laureano,OAK,89,287,265,56,33,12,0,11,11,27,15,0,80,7,0,0,5,0,0,0.21132075,17128,0,0,1,1
2022,Jorge Mateo,BAL,140,375,346,79,45,22,4,8,8,36,20,0,99,2,2,3,5,0,0,0.2283237,17273,0,0,1,1
2022,Michael Chavis,PIT,95,245,230,51,33,10,2,6,6,25,10,0,65,2,3,0,3,0,0,0.22173913,17321,0,0,1,1
2022,Jose Siri,2 Tms,85,240,224,52,35,9,2,6,6,16,13,0,71,3,0,0,2,0,0,0.23214286,17452,0,0,1,1
2022,Eloy Jimenez,CHW,80,246,222,65,43,9,0,13,13,43,20,0,57,2,2,0,4,0,0,0.29279279,17484,0,0,1,1
2022,Taylor Ward,LAA,128,400,353,101,64,17,1,19,19,51,40,0,89,4,3,0,1,0,0,0.28611898,17548,0,0,1,1
2022,Myles Straw,CLE,146,454,406,84,67,14,3,0,0,24,42,0,62,1,3,2,4,0,0,0.20689655,17620,0,0,1,1
2022,Alex Bregman,HOU,147,430,361,100,56,25,0,19,19,73,55,1,54,7,7,0,9,0,0,0.27700831,17678,0,0,1,1
2022,Kevin Newman,PIT,74,205,191,44,29,11,2,2,2,16,11,0,37,0,1,2,5,0,0,0.23036649,17696,0,0,1,1
2022,Brendan Rodgers,COL,125,380,347,83,55,21,2,5,5,35,27,0,68,1,5,0,17,0,0,0.23919308,17907,0,0,1,1
2022,Ty France,SEA,136,441,397,109,73,18,1,17,17,60,26,2,61,13,5,0,14,0,0,0.27455919,17982,0,0,1,1
2022,Harrison Bader,2 Tms,81,255,240,62,46,9,2,5,5,25,10,0,49,3,2,0,4,0,0,0.25833333,18030,0,0,1,1
2022,Brian Anderson,MIA,94,302,265,57,39,12,1,5,5,22,31,1,72,5,1,0,7,0,0,0.21509434,18289,0,0,1,1
2022,Dansby Swanson,ATL,159,520,482,130,88,22,1,19,19,82,32,0,139,2,4,0,9,0,0,0.26970954,18314,0,0,1,1
2022,Austin Riley,ATL,154,521,466,119,67,25,0,27,27,68,37,1,126,15,3,0,9,0,0,0.25536481,18360,0,0,1,1
2022,Victor Robles,WSN,99,266,240,45,36,5,0,4,4,19,9,0,72,8,3,6,1,0,0,0.1875,18363,0,0,1,1
2022,Ryan Mountcastle,BAL,144,455,413,105,66,21,1,17,17,70,32,0,113,3,7,0,12,0,0,0.25423729,18373,0,0,1,1
2022,Juan Yepez,STL,67,213,198,50,29,11,0,10,10,23,12,0,47,1,2,0,5,0,0,0.25252525,18400,0,0,1,1
2022,Ronald Acuna Jr.,ATL,117,407,360,99,68,19,0,12,12,43,35,2,99,9,3,0,6,0,0,0.275,18401,0,0,1,1
2022,Ke'Bryan Hayes,PIT,124,391,353,82,61,16,2,3,3,30,32,0,101,4,2,0,7,0,0,0.23229462,18577,0,0,1,1
2022,Ramon Urias,BAL,108,317,286,74,51,10,1,12,12,36,21,0,71,4,3,3,5,0,0,0.25874126,18795,0,0,1,1
2022,Will Smith,LAD,132,440,388,96,56,20,2,18,18,71,40,1,77,8,4,0,9,0,0,0.24742268,19197,0,0,1,1
2022,Yuli Gurriel,HOU,133,403,375,87,61,22,0,4,4,33,21,0,58,6,1,0,12,0,0,0.232,19198,0,0,1,1
2022,Lourdes Gurriel Jr.,TOR,114,399,363,107,77,24,1,5,5,44,27,1,64,6,2,0,10,0,0,0.29476584,19238,0,0,1,1
2022,Pete Alonso,NYM,156,509,451,126,74,21,0,31,31,106,41,9,93,10,7,0,13,0,0,0.27937916,19251,0,0,1,1
2022,Adolis Garcia,TEX,143,451,418,107,62,22,4,19,19,72,22,0,130,6,5,0,7,0,0,0.25598086,19287,0,0,1,1
2022,Randy Arozarena,TBR,148,516,466,116,68,32,2,14,14,68,37,0,131,11,2,0,17,0,0,0.24892704,19290,0,0,1,1
2022,Nick Senzel,CIN,100,297,261,59,46,9,0,4,4,15,24,0,55,3,1,1,2,0,0,0.22605364,19293,0,0,1,1
2022,Sean Murphy,OAK,144,450,405,102,61,29,1,11,11,45,32,1,94,9,3,0,10,0,0,0.25185185,19352,0,0,1,1
2022,Austin Hays,BAL,138,422,389,98,57,28,1,12,12,54,23,0,81,7,3,0,8,0,0,0.25192802,19363,0,0,1,1
2022,Andrew Knizner,STL,83,228,202,48,38,8,0,2,2,17,20,0,47,5,0,1,4,0,0,0.23762376,19514,0,0,1,1
2022,Chas McCormick,HOU,100,292,256,53,37,6,1,9,9,30,34,0,83,1,1,0,4,0,0,0.20703125,19599,0,0,1,1
2022,Bryan De La Cruz,MIA,92,259,242,67,36,20,0,11,11,35,11,0,59,2,4,0,4,0,0,0.2768595,19600,0,0,1,1
2022,Vladimir Guerrero Jr.,TOR,156,584,528,148,89,31,0,28,28,85,46,3,104,6,4,0,16,0,0,0.28030303,19611,0,0,1,1
2022,Bo Bichette,TOR,157,579,545,161,104,38,0,19,19,77,32,0,130,1,1,0,19,0,0,0.29541284,19612,0,0,1,1
2022,Sheldon Neuse,OAK,66,184,166,39,32,2,1,4,4,20,16,0,53,2,0,0,3,0,0,0.23493976,19635,0,0,1,1
2022,Emmanuel Rivera,2 Tms,80,240,220,48,29,10,1,8,8,25,16,0,61,3,1,0,5,0,0,0.21818182,19890,0,0,1,1
2022,Bobby Dalbec,BOS,95,241,221,45,28,8,2,7,7,26,15,0,82,1,4,0,3,0,0,0.20361991,19966,0,0,1,1
2022,Santiago Espinal,TOR,120,363,336,86,65,17,0,4,4,36,22,0,55,2,2,1,10,0,0,0.25595238,19997,0,0,1,1
2022,Isaac Paredes,TBR,95,276,240,47,23,11,0,13,13,31,32,0,51,3,1,0,7,0,0,0.19583333,20036,0,0,1,1
2022,Luis Robert Jr.,CHW,90,314,301,80,56,15,0,9,9,42,10,0,62,3,0,0,6,0,0,0.26578073,20043,0,0,1,1
2022,Gilberto Celestino,MIN,90,226,203,51,42,7,1,1,1,13,22,0,48,0,0,1,3,0,0,0.25123153,20233,0,0,1,1
2022,William Contreras,ATL,88,260,235,58,36,7,0,15,15,30,23,1,78,1,1,0,3,0,0,0.24680851,20503,0,0,1,1
2022,Jose Miranda,MIN,116,344,313,83,56,21,0,6,6,41,21,0,67,10,0,0,14,0,0,0.26517572,20538,0,0,1,1
2022,Oscar Gonzalez,CLE,88,267,253,78,49,23,0,6,6,31,11,0,48,1,2,0,5,0,0,0.3083004,20970,0,0,1,1
2022,Nico Hoerner,CHC,124,385,355,98,72,15,3,8,8,39,23,4,43,5,2,0,10,0,0,0.27605634,21479,0,0,1,1
2022,Jonathan India,CIN,96,312,282,69,48,11,1,9,9,31,21,1,71,9,0,0,3,0,0,0.24468085,21523,0,0,1,1
2022,Joey Bart,SFG,74,195,173,40,30,5,0,5,5,12,19,0,72,3,0,0,4,0,0,0.23121387,21524,0,0,1,1
2022,Matt Vierling,PHI,85,222,203,44,35,4,1,4,4,19,15,0,47,2,2,0,3,0,0,0.21674877,21558,0,0,1,1
2022,Alec Bohm,PHI,144,456,427,108,90,7,1,10,10,53,18,0,83,4,7,0,14,0,0,0.2529274,21618,0,0,1,1
2022,Jeremy Pena,HOU,130,405,381,92,63,12,2,15,15,44,15,0,101,4,3,1,4,0,0,0.24146982,21636,0,0,1,1
2022,Christopher Morel,CHC,100,306,279,70,39,14,4,13,13,35,24,0,103,1,0,2,5,0,0,0.25089606,21897,0,0,1,1
2022,Nick Allen,OAK,84,232,212,38,30,7,0,1,1,10,14,0,54,1,1,4,5,0,0,0.17924528,22277,0,0,1,1
2022,Alejandro Kirk,TOR,132,432,372,107,80,16,0,11,11,54,53,1,43,3,4,0,8,0,0,0.28763441,22581,0,0,1,1
2022,Julio Rodriguez,SEA,130,425,391,112,66,22,3,21,21,57,25,3,105,8,1,0,7,0,0,0.28644501,23697,0,0,1,1
2022,Owen Miller,CLE,112,317,287,74,51,19,1,3,3,36,19,0,58,4,7,0,6,0,0,0.25783972,24655,0,0,1,1
2022,Bobby Witt Jr.,KCR,144,483,449,117,76,24,3,14,14,56,25,1,100,5,4,0,11,0,0,0.26057906,25764,0,0,1,1
2022,Andrew Vaughn,CHW,129,431,396,103,63,23,1,16,16,63,21,0,82,9,5,0,10,0,0,0.26010101,26197,0,0,1,1
2022,Spencer Torkelson,DET,106,297,263,52,36,10,0,6,6,22,28,0,78,4,2,0,10,0,0,0.19771863,27465,0,0,1,1
2022,Ha-Seong Kim,SDP,139,394,358,87,58,19,1,9,9,41,27,0,81,5,2,2,5,0,0,0.24301676,27506,0,0,1,1
2022,Seiya Suzuki,CHC,101,326,293,76,50,16,0,10,10,35,26,0,92,4,3,0,5,0,0,0.25938567,30116,0,0,1,1
